name,isFork,commits,branches,defaultBranch,releases,contributors,license,watchers,stargazers,forks,size,createdAt,pushedAt,updatedAt,homepage,mainLanguage,totalIssues,openIssues,totalPullRequests,openPullRequests,lastCommit,lastCommitSHA,hasWiki,isArchived
"aosp-mirror/platform_frameworks_base",false,688571,331,master,0,171,Other,906,9999,6106,2903744,"2008-10-21 06:20:37","2022-06-11 06:04:03","2022-06-12 04:43:48",,Java,0,0,121,3,"2022-06-14 01:45:34","47ecbaf0add19dab37c93d76a289f1e0f67eeb37",false,false
"mongodb/mongo-java-driver",false,7943,38,master,123,152,"Apache License 2.0",218,2489,1446,107544,"2009-01-15 03:16:29","2022-07-25 09:44:09","2022-07-22 05:50:23","https://mongodb.github.io/mongo-java-driver",Java,0,0,983,5,"2022-07-25 12:33:07","afb5d0ae6693d1915b7afa3b84d250974fe15998",true,false
unclebob/fitnesse,false,5948,2,master,0,107,Other,153,1814,689,74036,"2008-12-06 07:38:59","2022-07-22 10:22:18","2022-07-25 03:30:26",fitnesse.org,Java,718,83,649,7,"2022-07-22 10:22:18","249f8469432e11e7233152718eed6ea7799279c4",true,false
"aosp-mirror/platform_packages_apps_settings",false,55791,210,master,860,261,Other,58,416,645,1210466,"2008-10-21 06:20:54","2019-09-24 02:01:51","2020-04-11 12:16:03",,Java,0,0,17,0,"2020-04-20 08:40:50","a7bf6a30463aaa72d6f5b1a571f2e0dfd59d8be1",false,false
apache/cassandra,false,27767,11,trunk,0,280,"Apache License 2.0",463,7424,3176,380481,"2009-05-21 02:10:09","2022-07-26 02:19:23","2022-07-25 07:54:25","http://cassandra.apache.org",Java,0,0,1747,225,"2022-07-25 09:34:30","e0a6b83a02804bf976fdc43718001f23818ee53d",false,false
apache/camel,false,59526,49,main,0,322,"Apache License 2.0",271,4423,4553,644868,"2009-05-21 12:25:36","2022-07-19 03:04:33","2022-07-19 12:56:58",https://camel.apache.org,Java,0,0,7995,10,"2022-07-19 10:24:43","280fb8ad9b15910820f8effcac24233d54994d4e",false,false
apache/hive,false,16286,49,master,0,248,"Apache License 2.0",326,4382,4109,630006,"2009-05-21 02:31:01","2022-07-25 05:37:02","2022-07-25 09:23:51",https://hive.apache.org/,Java,0,0,3447,77,"2022-07-25 10:16:13","1c3406ea598e0c2d866b20747602c1a01fa5a425",false,false
apache/maven,false,11607,55,master,3,156,"Apache License 2.0",219,3215,2260,53177,"2009-05-21 03:22:03","2022-07-25 12:22:26","2022-07-26 02:41:33","https://maven.apache.org/ref/current",Java,0,0,734,60,"2022-07-25 07:47:05","cbbb9cf7e390b3215fd424706d06a13b9a7e8bbd",false,false
apache/commons-lang,false,6864,8,master,0,171,"Apache License 2.0",176,2306,1415,27796,"2009-05-21 01:24:46","2022-07-21 01:53:57","2022-07-21 11:35:32",,Java,0,0,921,92,"2022-07-21 01:53:57","b0739b066af253fe6810fb050b915f8608a383e6",false,false
apache/activemq,false,11144,19,main,0,121,"Apache License 2.0",199,2056,1342,59638,"2009-05-21 01:33:45","2022-07-23 07:38:19","2022-07-22 06:50:09",,Java,0,0,855,48,"2022-07-22 01:54:54","e04faac37d4c8b5078c0e66cc53d14353acf0f93",false,false
kohsuke/jenkins,true,27278,7,master,68,513,"MIT License",115,984,7,104635,"2009-07-15 11:26:56","2020-02-11 02:25:28","2020-04-22 06:36:05",http://jenkins-ci.org/,Java,0,0,35,2,"2018-09-16 07:16:22","220b648a9593cecf19258b2aabfe1817222fa312",false,false
apache/tika,false,6085,57,main,0,110,"Apache License 2.0",96,1471,666,232467,"2009-05-21 02:12:11","2022-07-22 06:31:58","2022-07-20 09:07:05",https://tika.apache.org/,Java,0,0,619,51,"2022-07-22 06:26:36","e15893f728087b604964e10837097e2705b6e95b",false,false
liferay/liferay-portal,false,621111,36,master,63,335,Other,165,1879,3251,18287290,"2009-09-25 10:55:58","2022-07-16 09:01:43","2022-07-17 09:19:28",http://liferay.com,Java,0,0,4874,33,"2022-07-16 06:05:47","80e9c102dcc8bc8ae9c415cf644bb729a1574636",false,false
liferay/liferay-plugins,false,22785,3,7.0.x,0,207,Other,113,513,2118,1841295,"2009-09-25 10:56:21","2021-04-28 06:10:03","2021-04-28 06:10:15",,Java,0,0,203,9,"2021-04-28 02:38:46","7f30e96055826fc7971f3f6a424f75fbed1cd3b3",false,false
elastic/elasticsearch,false,65035,201,master,92,350,Other,2719,60415,21972,999083,"2010-02-08 01:20:56","2022-07-20 12:59:09","2022-07-20 01:09:44","https://www.elastic.co/products/elasticsearch",Java,30315,3440,58060,518,"2022-07-19 05:03:08","ab2602ecb08e1ec389573ac7f32fe9942d5b732b",false,false
antlr/antlr4,false,8678,2,master,25,276,Other,370,12634,2764,67551,"2010-02-04 01:36:28","2022-07-23 08:30:54","2022-07-26 01:26:26",http://antlr.org,Java,1952,650,1759,88,"2022-07-22 07:46:53","14703f21b5802e880da8c3afe80824ab651aee07",false,false
graylog2/graylog2-server,false,20467,279,master,0,128,Other,248,6185,967,142980,"2010-05-17 09:27:02","2022-07-22 03:47:34","2022-07-21 01:09:33",https://www.graylog.org,Java,5943,1335,7105,101,"2022-07-22 09:34:46","de301a203f316db006240b7e1cabe3395d3d146c",false,false
cbeust/testng,false,5169,2,master,2,185,"Apache License 2.0",182,1753,937,32393,"2010-06-28 11:10:17","2022-07-13 04:44:04","2022-07-14 09:09:28",http://testng.org,Java,1648,249,1134,30,"2022-07-13 04:44:04","4de3c7b08a5ffd77cdc23277fda45b9dadca949d",true,false
atmosphere/atmosphere,false,6073,19,atmosphere-2.7.x,0,113,,244,3571,760,112599,"2010-06-30 02:26:23","2022-05-31 12:58:55","2022-05-29 03:41:35",http://async-io.org/,Java,2106,38,369,1,"2022-05-31 11:05:51","7ed253ca8b4f804d4d4b9ca978043ea65fb223ed",true,false
wildfly/wildfly,false,34812,24,main,30,311,"GNU Lesser General Public License v2.1",192,2754,2138,250138,"2010-07-08 08:46:07","2022-07-25 09:39:49","2022-07-23 09:58:23",https://wildfly.org,Java,0,0,15738,75,"2022-07-22 04:16:06","e61ad5a96c9d9300795dd0efbaab7f659cb1a6d0",true,false
apache/karaf,false,9105,26,main,0,146,"Apache License 2.0",78,600,637,68494,"2010-08-12 03:32:41","2022-07-22 03:08:22","2022-07-23 04:52:23",,Java,0,0,1597,5,"2022-07-10 05:10:08","b21ac87194dd9820e20eb1cf16539f8a7d4f4ff6",false,false
robolectric/robolectric,false,12446,347,master,84,200,Other,206,5502,1311,53417,"2010-08-28 12:28:25","2022-07-28 07:07:05","2022-07-27 08:33:34",http://robolectric.org,Java,2567,495,4870,197,"2022-07-26 06:53:40","99a5986b9a6d72af7768ffc6c276716ba8b21570",true,false
arduino/arduino,false,7373,8,master,37,251,Other,1094,12964,7034,1387849,"2010-09-17 07:10:36","2022-06-28 05:31:40","2022-07-01 04:15:49","https://www.arduino.cc/en/software",Java,9821,771,1490,107,"2022-04-25 06:43:28","43b0818f7fa8073301db1b80ac832b7b7596b828",true,false
hibernate/hibernate-orm,false,14069,21,main,16,335,,318,5036,3144,209420,"2010-10-04 04:15:52","2022-07-26 10:25:06","2022-07-29 05:36:58",http://hibernate.org,Java,0,0,4995,171,"2022-07-22 02:12:42","2dbf38ef7b141e2f06ec9bff43c4b974611d640a",true,false
netty/netty,false,10871,17,4.1,0,362,"Apache License 2.0",1781,29625,14673,82292,"2010-11-09 09:22:21","2022-07-25 11:04:30","2022-07-26 03:18:24",http://netty.io/,Java,5863,512,6667,35,"2022-07-20 06:29:05","e158794363a7a2a6d06004f26e3e8b15e4fc3254",true,false
infinispan/infinispan,false,14877,28,main,2,169,"Apache License 2.0",90,978,573,159161,"2010-11-04 12:33:19","2022-07-25 07:06:22","2022-07-24 08:23:53","http://www.infinispan.org",Java,0,0,10218,20,"2022-07-25 05:07:21","2ddc0241203b11d5cb101ec71f636368e78ee9e2",false,false
"spring-projects/spring-batch",false,5882,12,main,22,145,"Apache License 2.0",247,2144,2044,101009,"2010-11-17 05:53:45","2022-07-22 09:04:40","2022-07-25 05:33:19","http://projects.spring.io/spring-batch/",Java,3205,328,958,53,"2022-07-21 09:32:35","ee7d12671ba4a132b5786e69022eb10df5ffa224",true,false
jenkinsci/jenkins,false,32630,35,master,193,308,"MIT License",867,19203,7521,144602,"2010-11-22 09:21:23","2022-07-19 06:04:30","2022-07-20 12:51:21",https://www.jenkins.io,Java,0,0,6847,68,"2022-07-19 03:39:31","237b9ca457c032885ed98e29620f0ed8c0e55ca0",false,false
"spring-projects/spring-framework",false,24700,15,main,234,388,"Apache License 2.0",3420,48569,34273,177358,"2010-12-08 04:04:45","2022-07-25 08:38:02","2022-07-26 06:30:40","https://spring.io/projects/spring-framework",Java,22251,1202,3845,198,"2022-07-25 11:45:46","9573fc96ecedfe703af4a001b0ea66e5f74be3bb",true,false
rstudio/rstudio,false,39234,486,main,0,117,Other,247,4015,979,647994,"2010-12-07 07:10:25","2022-07-27 02:31:34","2022-07-29 06:23:37","https://www.rstudio.com/products/rstudio/",Java,6831,1250,4812,5,"2022-07-27 02:31:33","b44036f75972f7c0c0929718ca40f7ca6bce3155",true,false
sonarsource/sonarqube,false,32476,38,master,29,159,"GNU Lesser General Public License v3.0",305,7015,1703,880973,"2011-01-05 11:05:17","2022-07-25 08:04:20","2022-07-26 04:25:48",http://www.sonarqube.org,Java,0,0,3298,0,"2022-07-25 08:03:59","6ad373f011432b79d8fff3772146373017b7758b",false,false
osmandapp/osmand,false,79249,52,master,1,280,Other,136,3239,887,694704,"2011-01-15 07:59:44","2022-07-19 05:02:29","2022-07-19 01:30:16",https://osmand.net,Java,9090,2264,5167,21,"2022-07-19 05:02:21","1a67de2966a13ab978cba7dc1e56c81e2b5cc4c8",false,false
dropwizard/dropwizard,false,6580,17,release/2.1.x,127,357,"Apache License 2.0",392,8245,3424,107217,"2011-01-19 07:52:29","2022-07-21 04:18:42","2022-07-22 08:25:35","https://www.dropwizard.io",Java,1458,19,4013,10,"2022-07-21 04:12:23","1c1a7f64e09e4730be7a1d1356f87e436f5cd4ad",true,false
k9mail/k-9,false,11019,100,main,130,233,"Apache License 2.0",348,6729,2252,82239,"2011-02-04 02:40:00","2022-06-10 02:48:48","2022-06-11 01:02:31",https://k9mail.app/,Java,3574,597,2488,14,"2022-06-09 10:07:02","591d232e26a1cf0a56e04b18a08f52d9403c86da",true,false
kiegroup/drools,false,16235,91,main,0,199,,288,4537,2266,260391,"2011-02-18 08:37:05","2022-07-19 06:19:34","2022-07-19 08:55:04",http://www.drools.org,Java,0,0,4550,21,"2022-07-19 11:55:10","d7794895e659e7cd0ff96915b37ea15d50806c7e",false,false
kiegroup/optaplanner,false,8384,71,main,0,116,"Apache License 2.0",152,2667,859,227959,"2011-02-15 07:38:23","2022-07-19 11:03:36","2022-07-19 03:24:33","https://www.optaplanner.org",Java,0,0,2085,7,"2022-07-19 07:04:25","377c0d7c49b7339bb473dc26e40c614937c101ac",false,false
movingblocks/terasology,false,11887,47,develop,66,263,"Apache License 2.0",202,3362,1311,300122,"2011-03-04 03:49:19","2022-07-05 06:08:01","2022-07-05 06:18:01",http://terasology.org,Java,2012,477,3019,30,"2022-07-05 06:07:59","b367a180d4e32cc0e573f6567f6db54987c092a3",true,false
xwiki/xwiki-platform,false,44938,88,master,0,159,"GNU Lesser General Public License v2.1",59,725,414,481301,"2011-03-10 01:26:41","2022-07-25 02:15:54","2022-07-24 02:17:49","http://platform.xwiki.org/",Java,0,0,1883,55,"2022-07-25 02:14:15","3c8daddfbc6f75599229eadef05e49f55231fff9",false,false
eclipse-vertx/vert.x,false,5339,37,master,0,200,Other,548,13054,1949,112150,"2011-06-17 02:54:55","2022-07-25 09:34:38","2022-07-25 06:41:39",http://vertx.io,Java,2418,169,2017,68,"2022-07-06 12:19:43","3d27653cf9718442fe3bf307325feb5eec844d73",true,false
cucumber/cucumber-jvm,false,5893,12,main,0,239,"MIT License",223,2476,1954,27887,"2011-06-27 07:49:46","2022-07-14 04:56:00","2022-07-15 11:59:50",https://cucumber.io,Java,1366,29,1189,9,"2022-07-14 12:11:25","de5c2b867c2be357e8f225eaa8662957ee89dc55",false,false
liquibase/liquibase,false,11252,342,master,73,310,"Apache License 2.0",135,3336,1544,151949,"2011-07-08 08:08:20","2022-07-26 02:22:46","2022-07-26 02:15:00","https://www.liquibase.org",Java,983,498,2127,133,"2022-07-25 04:32:39","65c65ba4e4b35d8b4ead1006e41d50d95803c7a8",true,false
cgeo/cgeo,false,16326,16,master,136,119,"Apache License 2.0",85,1211,541,427542,"2011-07-11 06:02:47","2022-07-25 09:58:35","2022-07-25 03:29:05",www.cgeo.org,Java,7793,647,5420,20,"2022-07-24 11:31:24","efef48c7162eecc31acc94624e2db0c3a14766d0",true,false
eclipse/jetty.project,false,24301,43,jetty-10.0.x,47,169,Other,273,3401,1809,208959,"2011-07-14 01:11:57","2022-07-22 02:37:02","2022-07-21 12:16:43","https://www.eclipse.org/jetty",Java,4401,349,3862,18,"2022-07-21 11:55:13","e3b0e80857cd3f2218f925702b22466a0c4e8bf7",false,false
"opentripplanner/opentripplanner",false,15513,114,dev-2.x,3,143,Other,148,1729,932,154559,"2011-07-18 04:15:38","2022-07-26 07:07:45","2022-07-25 06:34:24","http://www.opentripplanner.org",Java,2599,253,1705,59,"2022-07-25 02:58:49","7fe1effc54e9cc2416c5fe6648c0a22783233f63",true,false
"spring-projects/spring-integration",false,11029,18,main,117,185,"Apache License 2.0",139,1308,990,62774,"2011-07-22 09:47:27","2022-07-22 07:48:38","2022-07-22 09:38:09","http://projects.spring.io/spring-integration/",Java,579,60,3251,6,"2022-07-20 06:20:22","31907ec1d9e28076f2651dd818c6d336c70f90fa",true,false
querydsl/querydsl,false,8038,57,master,34,104,"Apache License 2.0",160,3865,781,51514,"2011-08-05 06:46:32","2022-07-21 11:13:05","2022-07-22 02:18:35",https://querydsl.com,Java,1879,129,1381,47,"2022-06-13 08:04:57","c068ced1f741c86949daca12de81a667ea47e258",true,false
liferay/liferay-docs,false,20947,19,master,0,146,Other,37,209,877,1011309,"2011-08-09 06:04:59","2022-07-15 04:28:15","2022-05-24 03:21:30",,Java,0,0,584,59,"2022-07-15 04:27:08","51691404f150e21e585bea5e9830da41da2211bd",false,false
apache/kafka,false,10207,39,trunk,0,340,"Apache License 2.0",1074,22596,11736,143771,"2011-08-15 06:06:16","2022-07-25 11:09:28","2022-07-26 03:36:15",,Java,0,0,12437,1000,"2022-07-25 08:24:40","a450fb70c12ba66257e8f61cc4903290f1e435ea",false,false
apereo/cas,false,21526,26,master,224,288,"Apache License 2.0",612,9594,3794,312208,"2011-09-09 01:36:42","2022-07-25 05:14:15","2022-07-26 03:47:07","https://apereo.github.io/cas/",Java,0,0,4160,1,"2022-07-25 09:59:19","dd9eace60d78cf737ef0c3f28facfcd41a096f6d",false,false
groovy/groovy-core,false,12378,35,master,149,129,"Apache License 2.0",127,1469,426,162860,"2011-09-19 07:41:42","2019-03-06 04:34:24","2020-12-01 02:21:50",,Java,,,684,15,"2016-02-09 02:49:59","01309f9d4be34ddf93c4a9943b5a97843bff6181",false,false
apache/ambari,false,24590,63,trunk,0,131,"Apache License 2.0",193,1564,1339,365428,"2011-09-23 07:00:08","2021-11-16 02:49:51","2021-11-16 04:01:59",,Java,0,0,3299,61,"2021-11-16 02:49:51","6c0aa136db32695583ce4df0ebd6f83539b7fa1b",false,false
apache/accumulo,false,11397,2,main,0,144,"Apache License 2.0",87,928,409,87581,"2011-10-06 07:00:09","2022-07-25 11:33:40","2022-07-25 06:27:00","https://accumulo.apache.org",Java,880,147,1935,36,"2022-07-25 09:38:44","f2710ceaeb8cada61605015931467ffd2b1f649e",false,false
javaparser/javaparser,false,8119,20,master,34,166,Other,144,4287,977,38447,"2011-10-30 02:03:44","2022-07-27 01:18:10","2022-07-28 08:49:54",https://javaparser.org,Java,1972,448,1673,46,"2022-07-27 01:17:20","48dfd6d04abfd44b4d01da283c5aaaf1b3c05aaf",true,false
alibaba/druid,false,6600,14,master,44,170,"Apache License 2.0",1763,25688,8163,67289,"2011-11-03 05:12:51","2022-06-26 11:36:53","2022-06-28 12:07:23","https://github.com/alibaba/druid/wiki",Java,3599,2254,1227,145,"2022-06-26 11:36:47","7e4778b7563258b1b8ec5e64a0775da31f580a63",true,false
geoserver/geoserver,false,12694,55,main,12,282,Other,201,2782,1897,280989,"2011-11-10 07:56:06","2022-07-25 11:53:42","2022-07-25 01:38:31",http://geoserver.org/,Java,0,0,6075,25,"2022-07-22 10:02:36","cc0e4cc922db1684f1fc9fb4a7ff0e871e179599",true,false
geotools/geotools,false,9318,46,main,12,233,"GNU Lesser General Public License v2.1",111,1319,1030,393412,"2011-11-10 11:22:12","2022-07-25 07:59:52","2022-07-26 05:34:08",http://geotools.org,Java,0,0,3974,11,"2022-07-21 04:52:11","a30a163eb0b3c23f40f410094f6be05b9cfc4add",true,false
"axonframework/axonframework",false,8438,31,master,96,143,"Apache License 2.0",202,2811,733,36623,"2011-12-02 04:04:42","2022-07-25 08:53:22","2022-07-24 04:23:44",http://axoniq.io,Java,1017,82,1276,10,"2022-07-22 12:48:43","d35854ca7678f27cd4697056781a436c7975859d",false,false
azure/azure-sdk-for-java,false,24355,209,main,3969,342,"MIT License",292,1537,1498,2643978,"2011-12-06 11:33:56","2022-07-17 09:01:58","2022-07-17 08:27:39",,Java,7999,1258,21927,98,"2022-07-15 10:56:19","1919c079d01543419782bf5dda17a790cdd436ba",true,false
resteasy/resteasy,false,5148,42,main,27,194,Other,81,1019,876,67002,"2011-12-09 03:15:43","2022-07-23 08:45:25","2022-07-24 07:37:49",https://resteasy.dev,Java,0,0,3072,34,"2022-07-22 04:26:39","7c5a4fa4339b8a10aad9ffbb19bf7c87ad933e75",false,false
signalapp/signal-android,false,10272,6,main,0,259,"GNU General Public License v3.0",914,22608,5493,638658,"2011-12-15 08:01:12","2022-07-22 07:55:27","2022-07-25 09:19:59",https://signal.org,Java,9687,229,2592,11,"2022-07-22 05:23:41","36b1f2816ce2e7afebe5e53d541f9613d4b98146",true,false
nuxeo/nuxeo,false,51061,566,10.10,0,101,,102,506,349,441967,"2011-12-15 02:35:41","2022-07-28 03:12:19","2022-07-27 09:12:02",http://www.nuxeo.com,Java,0,0,5151,48,"2022-07-26 08:23:54","ba218cb39a8b0da9e71e00dc9d8693ab19231b82",false,false
mcmmo-dev/mcmmo,false,6557,43,master,6,156,"GNU General Public License v3.0",78,832,746,27896,"2012-01-05 06:54:08","2022-07-24 05:10:00","2022-07-22 07:21:16",https://mcmmo.org,Java,4195,415,595,4,"2022-07-24 05:09:48","8a4fe8ae5d8db4b453ea485ca00a482d2afea134",true,false
"spring-projects/spring-security",false,10454,20,main,110,403,"Apache License 2.0",432,6970,5085,66732,"2012-01-10 09:50:57","2022-07-25 05:25:59","2022-07-25 04:51:00","http://spring.io/spring-security",Java,9631,754,1952,21,"2022-07-25 05:24:55","b76966638dd38b0649733941c93372e4c04f531c",true,false
"minecraftforge/minecraftforge",false,8251,28,1.19.x,0,367,Other,360,5630,2382,109370,"2012-01-30 01:35:01","2022-07-19 04:29:39","2022-07-19 08:45:38",,Java,3934,90,4741,58,"2022-07-17 01:49:56","aa8818b0494692e5991665463b5ff7c20ccd53ff",true,false
knowm/xchange,false,12342,13,develop,0,308,"MIT License",250,3523,1844,46253,"2012-02-02 10:48:28","2022-07-28 07:00:29","2022-07-27 01:45:06","http://knowm.org/open-source/xchange/",Java,1654,282,2874,39,"2022-07-19 12:56:25","55b070169b40bb78bb2e04f2d2796712eab52aeb",true,false
cloudfoundry/uaa,false,9742,156,develop,220,150,"Apache License 2.0",177,1439,814,62654,"2012-02-07 10:40:55","2022-07-25 10:51:21","2022-07-22 01:14:07",,Java,766,32,1196,20,"2022-07-23 11:34:47","6a676a88c5ba33282a982007450ca87a5e6a530a",false,false
graphhopper/graphhopper,false,6015,244,master,37,101,"Apache License 2.0",175,3728,1302,130539,"2012-02-18 07:57:38","2022-07-25 02:29:46","2022-07-26 06:30:09","https://www.graphhopper.com/open-source/",Java,1445,241,1185,20,"2022-07-25 09:04:40","ec122409733a45be995dca88a11d294e48768b92",false,false
"open-keychain/open-keychain",false,7288,55,master,0,102,"GNU General Public License v3.0",101,1723,457,79522,"2012-03-09 09:10:42","2022-07-21 08:46:47","2022-07-22 08:38:34","https://www.openkeychain.org",Java,2024,389,728,9,"2021-08-17 09:27:38","6f38af15828e07f0186109a89b7aa57f54101cfa",true,false
dspace/dspace,false,15766,20,main,66,161,"BSD 3-Clause New or Revised License",120,654,1139,158267,"2012-03-16 09:44:52","2022-07-26 04:36:14","2022-07-25 07:30:38","https://wiki.lyrasis.org/display/DSDOC7x/",Java,5036,426,3369,229,"2022-07-13 09:37:11","31f706042f098e2b78cfcc9a637f5852f8d307a1",false,false
hazelcast/hazelcast,false,36129,135,master,170,272,Other,305,4934,1655,358621,"2012-03-21 12:25:18","2022-07-26 06:48:08","2022-07-25 01:55:02","https://www.hazelcast.com",Java,7551,1058,14255,219,"2022-07-25 08:44:48","409b26cd1a47e587c8aef0fe47073addec96f009",true,false
"aosp-mirror/platform_frameworks_support",false,67656,412,androidx-master-dev,701,192,"Apache License 2.0",158,1584,637,354693,"2012-04-10 04:06:44","2020-06-09 09:48:07","2020-12-07 09:17:08",,Java,,,26,0,"2019-07-12 11:46:45","b9cd83371e928380610719dfbf97c87c58e80916",false,false
traccar/traccar,false,7451,2,master,38,132,"Apache License 2.0",295,3662,2094,19982,"2012-04-16 08:33:49","2022-07-25 07:50:07","2022-07-26 04:30:29",https://www.traccar.org,Java,4071,335,832,65,"2022-07-24 11:29:29","5ee3d373993f85b37213b0d21818144b481d2045",false,false
buildcraft/buildcraft,false,7352,35,8.0.x-1.12.2,63,170,Other,213,1248,493,75216,"2012-04-16 10:57:39","2021-11-27 02:42:41","2021-11-28 12:32:30","http://www.mod-buildcraft.com",Java,3614,350,1033,5,"2021-11-01 02:12:51","977f20a49826093101b986782e9e09a66f327712",true,false
"anysoftkeyboard/anysoftkeyboard",false,7066,16,main,44,116,"Apache License 2.0",103,2172,713,265547,"2012-04-18 12:38:01","2022-07-17 03:52:29","2022-07-16 11:42:02","http://anysoftkeyboard.github.io/",Java,2063,698,1271,23,"2022-07-15 06:33:08","1380bdcd45a19b14d2db25d794d5697811f76288",true,false
realm/realm-java,false,8877,97,master,0,100,Other,359,11305,1777,65133,"2012-04-20 09:18:42","2022-07-25 09:28:40","2022-07-25 09:41:57",http://realm.io,Java,4471,366,3170,37,"2022-05-24 08:57:27","0f3d616c503ed132d1566264e24c19b0f71640a7",true,false
magefree/mage,false,37987,29,master,81,294,"MIT License",105,1386,629,697943,"2012-04-27 01:18:34","2022-07-20 01:01:46","2022-07-19 02:10:12",http://xmage.de,Java,5964,1022,3315,61,"2022-07-19 10:45:53","af20b0fda379fbfef130fbc67e0df90ccf248638",true,false
catrobat/catroid,false,13098,7,develop,52,228,,133,329,570,168616,"2012-05-29 12:18:04","2022-07-22 01:04:10","2022-07-21 04:41:54","https://www.catrobat.org/",Java,0,0,4164,98,"2022-07-21 04:49:38","3dbda6446411a600dd404ae84ac5b100de351154",true,false
pentaho/pentaho-platform,false,8643,127,master,0,148,Other,136,436,684,171888,"2012-06-08 01:48:12","2022-07-17 07:12:34","2022-07-13 04:07:23",http://www.pentaho.com,Java,42,26,5066,8,"2022-07-14 03:39:07","25497e5c8e7f29704d626d95904606de17d9d214",true,false
apache/dubbo,false,5565,7,3.0,51,400,"Apache License 2.0",3111,37625,25164,40493,"2012-06-19 07:56:02","2022-07-19 12:46:10","2022-07-19 11:36:50","https://dubbo.apache.org/",Java,5314,397,4919,22,"2022-07-19 12:34:53","4aacd09ee7342c821b01a0b9898cb1892824a1ff",true,false
pmd/pmd,false,19301,11,master,77,254,Other,138,3923,1321,395753,"2012-07-11 06:03:00","2022-07-25 09:25:31","2022-07-25 03:29:07",https://pmd.github.io,Java,1927,616,1974,13,"2022-07-25 06:01:04","0550512a63d32fd6387da64a71ff9c3c6f1283de",true,false
undertow-io/undertow,false,5326,16,master,0,165,"Apache License 2.0",201,3188,924,25180,"2012-07-19 12:52:44","2022-07-19 06:17:03","2022-07-19 06:52:35",undertow.io,Java,0,0,1345,59,"2022-07-19 06:15:40","fde1ca6ffc8c6248a62179e98c59eb09202545c5",false,false
openmrs/openmrs-core,false,11697,78,master,0,351,Other,138,1112,3116,234814,"2012-07-26 04:54:29","2022-07-25 06:14:14","2022-07-23 01:39:40",http://openmrs.org,Java,0,0,4114,54,"2022-07-25 06:14:02","b851d79a3f36b09299c1b7e7c49158f67deeb718",false,false
antennapod/antennapod,false,8190,4,develop,46,207,"GNU General Public License v3.0",165,4352,1173,101109,"2012-07-31 10:25:08","2022-07-25 08:23:32","2022-07-25 10:06:35","https://www.antennapod.org",Java,3353,211,2608,14,"2022-07-24 11:43:57","7ddd5014d0cb13604d4a364b7a90d9429a0ad016",true,false
prestodb/presto,false,20052,107,master,0,349,"Apache License 2.0",869,13646,4715,173811,"2012-08-09 01:03:37","2022-07-17 07:22:56","2022-07-16 06:36:56","http://prestodb.github.io",Java,5014,788,12943,220,"2022-07-16 04:46:13","36858f235283e7c16ae4ad4ce493bd80876b179b",true,false
libgdx/libgdx,false,15042,4,master,9,334,"Apache License 2.0",1208,20247,6316,1101558,"2012-08-10 07:34:38","2022-07-25 09:49:58","2022-07-26 06:23:40",http://www.libgdx.com/,Java,3506,171,3399,64,"2022-07-25 07:57:32","578ee828d495f76e6cc81324a0a3db7747fe52ed",true,false
mekanism/mekanism,false,8823,18,1.19.x,4,127,"MIT License",103,961,447,115555,"2012-08-15 08:41:13","2022-07-21 07:22:30","2022-07-21 01:17:28",,Java,6553,25,825,7,"2022-07-21 05:25:44","19a5d531a780dacae9e98b637af13dd23b29743c",true,false
"jetbrains/intellij-plugins",false,23782,2153,master,0,225,,107,1843,971,394125,"2012-08-17 02:31:20","2022-07-25 02:17:10","2022-07-24 05:23:39","https://www.jetbrains.com/idea/",Java,0,0,845,21,"2022-07-25 10:02:57","6b9e3765ee25a7b8a52860d4ddb397ef06d976db",false,false
"jeremylong/dependencycheck",false,8646,5,main,33,212,"Apache License 2.0",161,4258,971,184380,"2012-09-03 08:43:30","2022-07-26 01:03:07","2022-07-24 07:56:09","https://owasp.org/www-project-dependency-check/",Java,3131,344,1570,5,"2022-07-25 10:34:31","5d5c3bcb6212546e37d0dd15138c8de4d160b014",true,false
sonarsource/sonar-java,false,8322,19,master,82,109,"GNU Lesser General Public License v3.0",64,913,574,57398,"2012-09-04 03:53:13","2022-07-12 08:05:50","2022-07-14 11:01:33","https://docs.sonarqube.org/latest/analysis/languages/java/",Java,0,0,4141,6,"2022-07-12 08:05:00","56dd7e1075194bb101a40de3571780ede0bb9035",true,false
activiti/activiti,false,10863,47,develop,33,197,"Apache License 2.0",646,8734,6762,122639,"2012-09-13 11:34:43","2022-07-25 05:59:08","2022-07-25 03:06:25",https://www.activiti.org,Java,2048,410,1967,55,"2022-07-25 05:06:19","7b436db58dd7aaab74f68bae0e86f253d543e06f",true,false
freeplane/freeplane,false,14418,46,1.10.x,1,211,"GNU General Public License v2.0",71,1021,235,215176,"2012-09-13 08:55:51","2022-07-23 09:23:44","2022-07-25 11:39:40",,Java,256,98,115,2,"2022-07-23 09:23:40","e1efc829712bc2e8bb6e4831d9d5bbcbb56c73ac",false,false
micdoodle8/galacticraft,false,7864,12,master,0,106,Other,84,549,311,89073,"2012-10-02 02:48:14","2022-06-20 02:32:20","2022-06-21 07:53:03",,Java,3155,242,943,7,"2022-06-20 02:32:12","c2809529ad77aaa31249adaa47b5a0e6ffef84e0",true,false
mockito/mockito,false,5789,16,main,189,242,"MIT License",428,13139,2303,47924,"2012-10-13 08:27:12","2022-07-25 06:21:25","2022-07-26 03:49:16",http://mockito.org,Java,1368,322,1339,7,"2022-07-25 06:21:17","de63c24352d035dff77e9ef8e17481d9d85e87d9",true,false
openrefine/openrefine,false,6860,40,master,36,257,"BSD 3-Clause New or Revised License",483,8928,1705,393719,"2012-10-15 02:22:48","2022-07-26 01:57:00","2022-07-25 08:51:28",https://openrefine.org/,Java,2606,631,2507,36,"2022-07-25 05:46:24","30d6edb7b6586623bda09456c797c35983fb80ff",true,false
"spring-projects/spring-boot",false,38897,18,main,143,367,"Apache License 2.0",3380,62361,36819,153574,"2012-10-19 03:02:57","2022-07-25 02:17:15","2022-07-26 03:41:06","https://spring.io/projects/spring-boot",Java,26271,538,5312,26,"2022-07-25 02:16:51","a0dd6ef3b14ca0cf6f35695ea2ba9cc746581997",true,false
vaadin/framework,false,19158,96,master,171,194,Other,143,1725,734,487453,"2012-10-19 10:41:30","2022-06-10 11:59:36","2022-05-15 09:33:43",http://vaadin.com/,Java,9730,391,2788,12,"2022-06-10 11:59:36","b0b62770822c422b99b6f245d84017b99793cea7",false,false
apache/druid,false,11862,67,master,49,367,"Apache License 2.0",614,11887,3290,248295,"2012-10-23 07:08:07","2022-07-16 12:06:10","2022-07-17 08:59:37","https://druid.apache.org/",Java,4398,1330,8371,191,"2022-07-15 06:03:34","75045970cde40562d9445ba4a9d27705742b29ab",true,false
ovirt/ovirt-engine,false,34478,81,master,11,165,Other,53,361,229,330487,"2012-10-26 11:48:34","2022-07-26 07:26:36","2022-07-23 04:10:29",,Java,57,48,497,31,"2022-07-25 04:20:07","ecd6cb17be51554153615b4469fac311b8d7a7df",false,false
neo4j/neo4j,false,73181,29,4.4,72,227,Other,516,10246,2170,545474,"2012-11-12 08:46:15","2022-07-25 11:58:19","2022-07-28 05:32:50",http://neo4j.com,Java,3113,253,9733,1,"2022-07-22 12:57:50","9dfc52d2b7f1b196ac07ae3e51f9dc43fd84043f",true,false
hawtio/hawtio,false,8983,5,main,41,111,"Apache License 2.0",117,1314,520,96938,"2012-12-02 11:58:08","2022-07-27 05:58:09","2022-07-27 06:59:18",https://hawt.io/,Java,2218,21,530,1,"2022-07-27 05:57:58","e248fc190d15b2d1de23e0c55f166054b7eefa00",false,false
mulesoft/mule,false,24996,401,master,0,120,Other,367,321,646,273516,"2012-12-07 07:23:06","2022-07-26 04:34:31","2022-07-17 12:03:19",,Java,0,0,11621,83,"2022-07-25 10:20:33","277cdb427e1ce048cd6f685ef7b785211e5156b4",true,false
"orientechnologies/orientdb",false,21033,35,develop,187,133,"Apache License 2.0",278,4483,860,249633,"2012-12-09 08:33:47","2022-07-25 05:41:52","2022-07-25 07:08:45",http://orientdb.org,Java,8860,226,907,3,"2022-07-25 05:41:52","8660bb2ad88f9985969090027d643fecfd4937b3",true,false
alluxio/alluxio,false,33068,129,master,55,354,"Apache License 2.0",444,5749,2704,176414,"2012-12-21 05:43:46","2022-07-17 10:12:00","2022-07-16 12:44:00",https://www.alluxio.io,Java,1698,640,14192,220,"2022-07-15 07:44:25","1b6417a9b2f6a62501d5a70d1ab5ebe6c7a86b2b",true,false
"camunda/camunda-bpm-platform",false,18765,90,master,0,190,"Apache License 2.0",170,2772,1184,133925,"2013-01-03 10:10:31","2022-07-21 01:08:40","2022-07-22 09:41:10",https://camunda.com/,Java,0,0,1964,17,"2022-07-20 02:42:23","59ecfdbc1df52cc81505654e92dcf94ee4b87c12",true,false
reactivex/rxjava,false,5993,8,3.x,229,281,"Apache License 2.0",2269,46254,7627,134503,"2013-01-08 08:11:48","2022-07-22 06:14:48","2022-07-25 05:52:28",,Java,3097,16,3708,1,"2022-07-22 05:57:41","624c4fb55bcbf0489a00db370154738c7d89408b",true,false
seleniumhq/selenium,false,28504,16,trunk,75,378,"Apache License 2.0",1315,24162,7055,1955244,"2013-01-14 09:40:56","2022-07-21 03:28:21","2022-07-22 02:12:51",https://selenium.dev,Java,8260,98,2516,20,"2022-07-15 04:51:31","c7be1be9e1053488d13aab76a76598dbf0a39a56",true,false
apache/tomee,false,14432,39,master,0,114,"Apache License 2.0",55,384,694,89222,"2013-01-22 08:00:16","2022-07-14 07:47:04","2022-06-28 01:54:30","https://tomee.apache.org/",Java,0,0,886,5,"2022-07-14 07:46:59","e10950567892bb64c6fa465f4e11b8df56b41c52",false,false
ratpack/ratpack,false,6301,17,master,69,132,Other,116,1908,398,25958,"2013-01-22 11:04:54","2022-06-16 07:06:43","2022-06-09 02:48:26",https://ratpack.io,Java,1100,185,550,11,"2022-06-14 05:24:58","96fa59180437b0026f4a5459db9b682a96a41cdf",false,false
"slimeknights/tinkersconstruct",false,7688,19,1.18.2,95,155,"MIT License",154,1032,632,55314,"2013-01-22 08:46:32","2022-06-24 07:24:15","2022-06-24 08:25:12",,Java,3859,45,1056,18,"2022-06-24 02:23:47","5dfa77d74fa8b1e36fc9d6c7b548aa0928a939b1",true,false
processing/processing,false,13209,4,master,48,112,Other,430,6188,1518,1647980,"2013-01-24 09:17:22","2022-03-27 03:19:48","2022-03-28 05:24:52",http://processing.org,Java,5132,497,1043,28,"2022-03-27 03:19:42","8b15e4f548c1426df3a5ebe4c2106619faf7c4ba",true,false
"techempower/frameworkbenchmarks",false,13047,10,master,15,387,Other,231,6478,1744,304357,"2013-03-22 05:33:54","2022-07-26 06:21:34","2022-07-26 01:53:16","https://www.techempower.com/benchmarks/",Java,1192,94,6196,18,"2022-07-25 02:37:38","a0a7cabdf79024e40bf251f205000bc1d193c322",true,false
codefollower/h2-research,false,14455,1,master,0,128,Other,54,398,189,67608,"2013-04-09 02:25:26","2022-01-01 04:57:17","2022-01-01 04:57:25",,Java,4,3,6,0,"2022-01-01 04:57:11","0862491d04c4a36675093fad4a354b7c3d3b9a56",true,false
facebook/buck,false,22694,8,main,57,299,"Apache License 2.0",315,8336,1213,1787579,"2013-04-17 06:12:18","2022-07-21 08:58:30","2022-07-22 02:36:17",https://buck.build,Java,1472,197,1187,22,"2022-05-07 11:39:33","16dc4866c20e807451a1762eb98776814c545e6f",false,false
eugenp/tutorials,false,25104,3,master,0,317,"MIT License",1535,31265,49776,341441,"2013-04-29 06:26:36","2022-07-19 10:28:16","2022-07-19 11:38:49","http://bit.ly/github-lsso",Java,608,32,11904,37,"2022-07-19 06:23:18","3c409dfc3d416c19f46a0e50553be6cb3dc3a984",true,false
apache/cloudstack,false,35330,215,main,17,209,"Apache License 2.0",142,1238,932,583759,"2013-04-29 10:27:12","2022-07-22 11:26:07","2022-07-20 11:45:35","https://cloudstack.apache.org/",Java,1377,130,5139,73,"2022-07-21 06:47:13","61e4e862c4d4828d5e4e5089c9db034fb4d427b9",true,false
"cyanogenmod/android_frameworks_base",false,255628,61,cm-14.1,31,732,Other,169,604,1323,2401590,"2013-05-13 06:41:57","2019-03-03 03:37:16","2020-05-21 10:32:58",,Java,0,0,143,4,"2016-12-12 08:02:41","9d37d587aa2285513957fb204ce98856eafe797d",false,false
jclouds/jclouds,false,10592,22,master,120,213,,58,386,488,89298,"2013-05-13 08:47:29","2020-04-04 07:53:26","2020-06-04 09:48:12","http://jclouds.apache.org/",Java,0,0,1285,13,"2020-03-04 08:14:21","7af4d8e8f19c479b0a8f35e06dd68418a8367b3e",false,false
"cyanogenmod/android_packages_apps_settings",false,28157,54,cm-14.1,31,197,Other,51,104,809,806742,"2013-05-13 08:12:12","2019-11-21 01:13:42","2020-04-09 07:05:34",,Java,0,0,105,0,"2016-12-12 08:10:01","c585070fc70c88643ca6f568f8c4cab6d21144a8",false,false
instagram/cassandra,true,24666,46,trunk,157,269,"Apache License 2.0",74,380,52,508083,"2013-05-15 12:07:43","2020-02-09 07:07:29","2020-06-03 10:30:16",,Java,0,0,9,5,"2019-07-15 04:48:18","90a4672970837e674972861f3cc7020e3c3caba6",false,false
apache/logging-log4j2,false,12231,61,release-2.x,0,138,"Apache License 2.0",114,2866,1418,58737,"2013-06-12 07:00:19","2022-07-25 08:28:10","2022-07-26 05:12:32","https://logging.apache.org/log4j/2.x/",Java,0,0,965,85,"2022-07-25 08:28:31","05c1c55697cf02e41609f0d7e90c534d3b27fec9",false,false
stanfordnlp/corenlp,false,16936,10,main,9,103,"GNU General Public License v3.0",501,8566,2655,360255,"2013-06-27 09:13:49","2022-07-22 11:21:26","2022-07-25 07:41:07","http://stanfordnlp.github.io/CoreNLP/",Java,1015,161,261,1,"2022-07-22 11:18:49","efc66a9cf49fecba219dfaa4025315ad966285cc",true,false
keycloak/keycloak,false,14556,19,main,22,331,"Apache License 2.0",342,12885,4615,180706,"2013-07-02 01:38:51","2022-07-17 09:41:46","2022-07-17 10:54:51",https://www.keycloak.org,Java,2182,997,9768,249,"2022-07-16 07:38:41","f0988a62b8f5ca211bf4aaab4f5aa11120115451",false,false
strongbox/strongbox,false,5742,20,master,1,102,"Apache License 2.0",46,402,557,20151,"2013-08-01 11:27:37","2021-02-19 02:39:43","2021-02-19 01:22:00","https://strongbox.github.io/",Java,737,217,1247,39,"2020-12-10 02:38:33","8aecf0d65b6aa2c92310471051f8e54a1110c4de",false,false
"languagetool-org/languagetool",false,56541,79,master,0,146,"GNU Lesser General Public License v2.1",156,6516,932,2921888,"2013-08-08 04:37:22","2022-04-30 06:57:45","2022-05-01 02:29:59",https://languagetool.org,Java,4381,1511,2224,46,"2022-04-30 06:57:41","bbe5dbfe71e0d521b2605b72d2cf5fae4205148c",true,false
sleepytrousers/enderio,false,8332,48,master,0,106,"The Unlicense",106,695,320,70358,"2013-08-12 05:39:46","2022-02-26 01:17:08","2022-03-03 05:17:09",http://enderio.com/,Java,4690,59,863,19,"2021-06-04 11:23:54","9249b7e01fd73c7bc92a2fd60e768c1ef5b39fd3",true,false
checkstyle/checkstyle,false,11520,3,master,117,314,"GNU Lesser General Public License v2.1",217,7138,8293,112746,"2013-08-31 02:05:05","2022-07-06 07:36:05","2022-07-06 10:15:01",https://checkstyle.org/,Java,4422,651,7403,52,"2022-07-05 07:13:29","2fabfede8c1396457085dd199605a32c33df764b",true,false
openhab/openhab1-addons,false,9691,9,main,50,441,"Eclipse Public License 2.0",405,3484,1816,244412,"2013-09-20 08:28:43","2021-01-18 08:08:08","2021-01-21 12:20:49",,Java,2789,238,3182,49,"2020-09-10 01:30:26","f7c26e5361c1cfe0382817ce7310a624e4ce89a0",true,false
pentaho/pentaho-kettle,false,22687,199,master,1,184,"Apache License 2.0",461,5924,3014,589992,"2013-10-08 06:27:11","2022-07-26 06:35:19","2022-07-26 01:23:34",,Java,0,0,8429,70,"2022-07-19 01:57:08","df957b33f90d98c3185ec482fcb1b982cb4712f4",true,false
"omnirom/android_frameworks_base",false,650684,15,android-12.0,0,175,Other,43,105,211,4278412,"2013-10-13 07:56:56","2022-03-11 12:57:55","2022-01-25 11:13:27",,Java,5,4,24,3,"2022-03-11 12:55:33","6bd19d1982512f04ad426f119249147628607a8d",true,false
iqss/dataverse,false,22890,182,develop,59,139,Other,64,683,378,115789,"2013-11-01 06:47:39","2022-07-19 10:06:21","2022-07-16 10:59:00",http://dataverse.org,Java,6506,1253,2307,78,"2022-07-18 08:26:10","567e5065756ce60c6e08e32438f39304d55b1568",true,false
apache/storm,false,10517,44,master,0,279,"Apache License 2.0",598,6367,4091,206217,"2013-11-05 08:00:14","2022-07-20 06:16:27","2022-07-19 07:19:18",,Java,0,0,3487,48,"2022-07-20 06:16:27","e694f59595669565e9963133a6c290fd5a9cfce9",false,false
gocd/gocd,false,14516,11,master,71,118,"Apache License 2.0",220,6513,938,345378,"2013-12-13 05:26:16","2022-07-22 04:26:26","2022-07-20 08:41:15",https://www.gocd.org,Java,3300,41,7293,15,"2022-07-22 04:26:19","2661c6f08274c62dd69bb81fea0ad022c6e12f77",true,false
codice/ddf,false,11077,103,master,100,135,Other,45,123,181,536458,"2013-12-13 08:38:28","2022-07-20 01:14:44","2022-07-22 05:57:51",http://ddf.codice.org,Java,758,3,5938,1,"2022-07-20 01:14:44","1f7807a104c6b188107cc1b41f09327d30d47436",true,false
apache/jclouds,false,10794,24,master,0,221,,19,134,102,79385,"2014-01-07 08:00:06","2022-06-18 09:25:32","2022-06-07 05:20:29",,Java,0,0,135,5,"2022-06-18 09:25:32","aea26037334665c544624d63916d8b2346d2da4e",false,false
"eclipse-archived/smarthome",false,5162,9,master,16,185,"Eclipse Public License 2.0",144,865,854,67215,"2014-01-09 08:47:19","2020-05-07 02:11:52","2020-07-11 10:57:49","https://www.eclipse.org/smarthome/",Java,2552,470,4366,5,"2020-05-07 02:11:52","56df0fa09d84912b96c7c8d1f229ca59938d4858",true,true
redisson/redisson,false,7397,3,master,110,113,"Apache License 2.0",886,19465,4744,20399,"2014-01-11 02:06:25","2022-07-23 05:58:56","2022-07-26 03:05:25",https://redisson.pro,Java,3942,300,484,30,"2022-07-23 05:58:56","cdfdb4560d7ac0e09491b0d73038883963a3a728",true,false
opendaylight/controller,false,9030,22,master,0,101,"Eclipse Public License 1.0",93,387,330,161610,"2014-01-29 11:10:45","2022-07-12 03:08:54","2022-07-06 12:59:54",,Java,0,0,14,0,"2022-07-11 09:28:40","4fe7de82691dabf3e224987f2de5401e8c0e00ad",false,false
apache/cxf,false,16828,25,main,0,183,"Apache License 2.0",87,772,1341,130336,"2014-02-19 08:00:08","2022-07-25 09:08:06","2022-07-21 01:50:45",https://cxf.apache.org,Java,0,0,966,37,"2022-07-25 09:07:48","9a8e07ab159b2492d42fddadce1e5854ceee29e8",false,false
wso2/carbon-apimgt,false,36047,110,master,2,227,"Apache License 2.0",133,116,568,576162,"2014-02-26 06:46:48","2022-07-26 04:54:46","2022-07-15 03:08:25",,Java,297,26,10982,57,"2022-07-25 09:56:05","b73dbf17b6c6cbe7f78fbccc77d97fd153be6eb2",true,false
"resurrectionremix/resurrection_packages_apps_settings",false,54267,29,Q,0,159,Other,51,143,408,1375120,"2014-02-26 01:00:14","2021-09-19 11:36:02","2021-09-19 11:36:06",,Java,0,0,1271,9,"2021-09-19 11:36:02","c65423981fe1f615b51dc534038110e6e86f88ad",true,false
"resurrectionremix/android_frameworks_base",false,426907,33,Q,0,183,Other,26,111,290,3325078,"2014-02-26 02:52:44","2021-09-19 11:36:09","2021-09-19 11:36:15",,Java,0,0,273,0,"2021-09-19 11:36:09","5e1db0334755ba47245d69857a17f84503f7ce6f",true,false
"spacewalkproject/spacewalk",false,38509,77,master,10459,144,"GNU General Public License v2.0",96,622,239,744411,"2014-02-26 05:04:20","2020-06-03 09:21:36","2020-12-05 01:31:32","https://spacewalkproject.github.io",Java,,,732,0,"2020-06-03 09:20:34","d25f80a669aefaad96234e37eb145fd9c8839b80",true,true
"jenkinsci/acceptance-test-harness",false,5373,13,master,39,102,,131,115,217,12172,"2014-02-28 05:39:55","2022-07-25 09:38:20","2022-07-25 01:23:15",,Java,12,6,860,11,"2022-07-25 09:38:19","1f5c710fe7de18c88154c06642d6ee09fba4cfeb",false,false
jabref/jabref,false,17220,30,main,34,325,"MIT License",98,2679,1896,194010,"2014-03-11 02:48:42","2022-07-25 03:26:14","2022-07-25 09:14:51","https://devdocs.jabref.org",Java,3646,321,5338,32,"2022-07-25 12:43:53","cd41230697708480cee69eebcd605c14f05d2508",true,false
bisq-network/bisq,false,16551,13,master,125,233,"GNU Affero General Public License v3.0",269,4058,1232,471869,"2014-03-12 09:42:29","2022-07-28 05:24:23","2022-07-27 11:16:38",https://bisq.network,Java,2893,229,3204,7,"2022-07-25 06:34:25","169aca18c22ecc6b5553dd182708e14237ee01d6",true,false
google/closure-compiler,false,17986,76,master,0,253,"Apache License 2.0",242,6527,1127,184453,"2014-04-16 03:30:36","2022-07-25 08:34:10","2022-07-25 06:10:43","https://developers.google.com/closure/compiler/",Java,2810,847,1125,6,"2022-07-25 08:34:07","f5a6d32b761b37419a6948cbc33d2a90887da3d7",true,false
wso2/product-is,false,9189,107,master,259,169,"Apache License 2.0",117,547,627,141106,"2014-04-21 08:55:36","2022-07-22 10:20:06","2022-07-15 09:33:00",http://wso2.github.io/,Java,9568,3059,4669,14,"2022-07-21 03:41:42","19f282f68ff652d59d8eac7aa1d969cb597fee3b",true,false
teammates/teammates,false,18135,4,master,140,361,"GNU General Public License v2.0",100,1249,2551,234917,"2014-05-02 07:43:00","2022-07-26 03:54:40","2022-07-24 02:58:03","https://teammatesv4.appspot.com/",Java,6798,86,5080,23,"2022-07-23 09:13:02","46979fb6f3b1752e47c0c0bf6984e34939265051",true,false
hortonworks/cloudbreak,false,20782,590,master,0,140,"Apache License 2.0",388,325,215,154322,"2014-05-10 10:03:07","2022-07-19 10:39:04","2022-07-19 03:58:10","https://docs.cloudera.com/cdp/latest/index.html",Java,0,0,12835,43,"2022-07-19 01:47:21","4fd4a8bd058b13dd6f0d827d5a3481584a6a2c4e",true,false
apache/incubator-pinot,false,8031,14,master,9,174,"Apache License 2.0",231,3170,705,224086,"2014-05-19 11:27:48","2021-07-23 05:10:03","2021-07-23 03:28:22",https://pinot.apache.org,Java,951,563,6214,74,"2021-07-21 11:58:47","a0ad49d4e0819731b54e6ab541541f1e2ed0aeaa",true,false
apache/hbase,false,19349,87,master,23,257,"Apache License 2.0",408,4587,3042,467800,"2014-05-23 07:00:07","2022-07-22 09:30:12","2022-07-21 06:11:49","https://hbase.apache.org/",Java,0,0,4638,175,"2022-07-21 06:26:52","31fc97edeede08cfc9c8dd9fe22c3775ede2eebb",false,false
google/guava,false,5846,22,master,35,276,"Apache License 2.0",2433,45188,10060,389949,"2014-05-29 04:23:17","2022-07-25 02:47:47","2022-07-26 06:13:06",,Java,3373,650,1401,110,"2022-07-25 02:23:31","b037a558e88c7587dd77276182a4156c490a2144",true,false
apache/flink,false,31281,115,master,0,287,"Apache License 2.0",939,19362,10988,459259,"2014-06-07 07:00:10","2022-07-19 07:14:45","2022-07-19 01:28:23",,Java,0,0,20300,980,"2022-07-19 01:20:34","180774e93902862cf3bfa03de00437ae49d743eb",false,false
wso2/product-apim,false,9410,85,master,155,182,"Apache License 2.0",170,627,658,334421,"2014-06-11 08:05:00","2022-07-22 06:47:23","2022-07-19 09:39:19",http://wso2.github.io/,Java,8277,1783,4446,25,"2022-07-21 07:57:23","266e600ba8aea949cff059bfaee2eb34c583e5dc",true,false
bazelbuild/bazel,false,33105,64,master,161,309,"Apache License 2.0",609,18997,3473,866920,"2014-06-12 04:00:38","2022-07-17 11:09:29","2022-07-17 09:36:46",https://bazel.build,Java,9997,2377,5303,206,"2022-07-16 12:20:33","86b800e4066389d4535fbdf280cfe9447b06df15",true,false
google/exoplayer,false,14520,16,release-v2,20,222,"Apache License 2.0",856,19596,5707,185586,"2014-06-13 09:19:18","2022-07-25 10:30:38","2022-07-26 02:27:49",,Java,9303,591,1116,28,"2022-07-22 09:31:03","ab4d37f499ba49bb3cac7938eb03ebf7133ccfe6",false,false
talend/tdi-studio-se,false,17437,706,master,0,139,,143,114,123,784986,"2014-06-22 10:10:03","2022-07-22 05:41:32","2022-07-13 07:19:39",,Java,3,2,7806,165,"2022-07-22 09:28:11","79091dad0da03bf23007f8ed7e9602fe8d657151",false,false
jamesagnew/hapi-fhir,false,7261,208,master,36,128,"Apache License 2.0",142,1116,926,771728,"2014-06-24 09:00:46","2020-12-12 03:06:23","2020-12-13 04:50:51",http://hapifhir.io,Java,1307,262,931,50,"2020-12-11 11:33:00","81f6fe9106c128d8b18b0dc896b1657645d8b80f",true,false
wildfly/wildfly-core,false,16946,18,main,125,231,"GNU Lesser General Public License v2.1",34,157,437,89986,"2014-07-01 04:33:34","2022-07-22 01:06:58","2022-07-22 11:14:50",,Java,0,0,5144,27,"2022-07-21 08:33:59","0225cc78663ea7ae8424d1687360681ecc955d11",true,false
"teamamaze/amazefilemanager",false,5731,46,release/3.8,61,122,"GNU General Public License v3.0",161,3948,1318,54749,"2014-07-14 07:47:53","2022-07-26 05:15:35","2022-07-25 04:00:51",https://teamamaze.xyz,Java,1900,469,1463,11,"2022-07-25 10:23:56","b68eb5d34cc0f2f7b7da8099f44042c686387f47",true,false
f-droid/fdroidclient,false,7736,1,master,0,320,"GNU General Public License v3.0",56,753,108,105725,"2014-07-23 05:46:02","2022-07-20 04:22:27","2022-07-21 05:20:59","https://gitlab.com/fdroid/fdroidclient",Java,0,0,4,0,"2022-07-20 04:22:24","79459121682cdd863abe057ed3d134fa6db1190d",false,false
cdapio/cdap,false,51492,957,develop,76,151,Other,102,654,308,607984,"2014-08-02 09:00:10","2022-07-26 01:44:33","2022-07-24 07:54:28",https://cdap.io,Java,0,0,14448,76,"2022-07-25 08:23:31","6fc0ce87c7395111e0b50113ea7f236f4bd340ac",false,false
google/error-prone,false,5616,24,master,22,191,"Apache License 2.0",173,6026,684,109349,"2014-08-21 11:26:50","2022-07-25 05:37:04","2022-07-25 10:59:47",https://errorprone.info,Java,1353,284,1979,51,"2022-07-25 05:36:59","7d555ef157dbdf3db531bc65356fd4d92ff13357",true,false
apache/hadoop,false,25973,315,trunk,0,289,"Apache License 2.0",1000,12756,7906,544395,"2014-08-28 07:00:08","2022-07-17 05:46:52","2022-07-17 07:16:02","https://hadoop.apache.org/",Java,0,0,4559,649,"2022-07-15 09:18:46","8774f178686487007dcf8c418c989b785a529000",false,false
junit-team/junit5,false,7296,32,main,56,180,Other,276,5305,1203,623845,"2015-01-11 07:06:10","2022-07-23 09:20:14","2022-07-25 03:29:02",https://junit.org,Java,1922,116,1033,17,"2022-07-21 11:18:07","5fdb138924f59703a6a4fcd0cdcde6d1a224a950",true,false
apache/tinkerpop,false,18774,48,master,0,162,"Apache License 2.0",102,1571,726,187424,"2015-02-07 08:00:05","2022-07-21 07:37:52","2022-07-22 08:34:10","https://tinkerpop.apache.org/",Java,0,0,1758,27,"2022-07-21 07:37:34","213e5f442f262ed67e583b5351863620b093a820",false,false
apache/ignite,false,28189,398,master,0,251,"Apache License 2.0",280,4222,1785,433803,"2015-02-19 08:00:05","2022-07-25 06:41:23","2022-07-25 02:23:31","https://ignite.apache.org/",Java,0,0,10010,634,"2022-07-21 01:29:09","7bd6fc75f2d069135192f96d12a374e1c6a031ab",false,false
gerrit-review/gerrit,false,28817,13,master,198,199,"Apache License 2.0",55,410,134,267083,"2015-03-19 05:08:23","2017-11-12 01:59:15","2020-12-09 09:32:52",,Java,,,2,0,"2017-11-11 01:36:27","7d35ff3fbeddc22fd2e0b42ff3f971598bba0c25",false,false
"hushnymous/android_frameworks_base",false,106421,1,master,0,347,Other,52,172,57,1182324,"2015-03-19 08:02:10","2015-03-19 09:00:30","2020-10-14 03:16:12",,Java,,,,,"2015-03-19 06:47:37","98a8672402ae50016f45fef28dacbb7ac66e935c",true,false
apache/zeppelin,false,5118,38,master,0,324,"Apache License 2.0",328,5761,2669,99166,"2015-03-25 07:00:06","2022-07-19 09:47:51","2022-07-19 11:57:00","https://zeppelin.apache.org/",Java,0,0,4415,115,"2022-07-19 03:07:12","65dcdb814851eeedd4322bbb8cbfc251af9b44a2",false,false
"googlecloudplatform/java-docs-samples",false,6388,30,main,1,232,"Apache License 2.0",137,1463,2632,66194,"2015-03-25 10:48:38","2022-07-25 09:37:47","2022-07-22 04:51:42","https://cloud.google.com/java",Java,1144,18,6053,15,"2022-07-25 07:59:26","baec03f2684e94d7a80de0249857ed16711ceead",false,false
techreborn/techreborn,false,5444,33,1.19,197,104,"MIT License",31,279,148,43745,"2015-04-09 11:19:27","2022-07-24 08:30:44","2022-07-19 11:37:47","http://www.techreborn.ovh/",Java,2335,37,496,5,"2022-07-24 08:30:14","4461b5d782681d896428871551af53ae575d7567",true,false
h2database/h2database,false,13955,3,master,18,136,Other,135,3383,1063,87161,"2015-04-10 07:09:09","2022-07-25 08:06:14","2022-07-26 12:15:08",https://h2database.com,Java,1921,294,1654,18,"2022-07-25 08:06:13","091cbe21740cbd0cdceff4afb715a86e07ed814a",false,false
essentialsx/essentials,false,6187,8,2.x,17,216,"GNU General Public License v3.0",71,1429,824,404947,"2015-04-15 01:20:08","2022-07-25 08:41:47","2022-07-25 12:12:07",https://essentialsx.net,Java,3377,112,1217,26,"2022-07-23 10:35:14","b135fcf08614542bffdac6f3bf8fe09cb6ff960f",true,false
apache/groovy,false,19629,44,master,0,343,"Apache License 2.0",230,4575,1750,204520,"2015-04-16 07:00:05","2022-07-26 06:31:50","2022-07-24 02:10:26",https://groovy-lang.org,Java,0,0,1752,19,"2022-07-25 07:23:46","6317685dfcb4dae62eb471d860f1e6745ae31126",false,false
vaadin/flow,false,22495,314,master,482,157,"Apache License 2.0",50,392,121,171047,"2015-04-29 05:54:35","2022-07-25 10:52:34","2022-07-24 02:00:36",,Java,5690,999,8157,14,"2022-07-22 10:02:06","1cacea3e2e3e8ffd66dabe433c8a22d2528c1884",true,false
apache/geode,false,11218,37,develop,25,134,"Apache License 2.0",202,2121,671,224054,"2015-04-30 07:00:05","2022-07-25 01:59:08","2022-07-25 12:40:40","https://geode.apache.org/",Java,0,0,7827,27,"2022-07-22 12:39:59","9673d2bc4eaec478f06e75808a04d0ae459bc1df",false,false
zaproxy/zap-extensions,false,9558,1,main,539,125,"Apache License 2.0",51,635,576,933593,"2015-05-07 09:17:13","2022-07-25 03:47:57","2022-07-17 09:41:49",,Java,0,0,3907,31,"2022-07-25 07:28:29","8a27b1ed94824a6e6cf66b7951ea552533101414",true,false
apache/activemq-artemis,false,9402,8,main,0,200,"Apache License 2.0",61,797,823,76298,"2015-05-22 07:00:05","2022-07-25 07:47:19","2022-07-21 12:19:24","https://activemq.apache.org/components/artemis",Java,0,0,4154,22,"2022-07-25 05:41:27","631568f020a876bbc01e2b2b4c4b4c6e86ca8d9d",false,false
zaproxy/zaproxy,false,8599,1,main,275,182,"Apache License 2.0",386,9697,1924,190973,"2015-06-03 04:55:01","2022-07-25 10:12:58","2022-07-26 04:15:57",https://www.zaproxy.org,Java,4417,711,2941,25,"2022-07-23 05:18:43","fcb5d64e3164fe0717001f61521b28f36d6c56d4",true,false
palantir/atlasdb,false,9602,1030,develop,1358,130,"Apache License 2.0",181,777,152,103840,"2015-06-05 11:42:44","2022-07-25 11:23:51","2022-07-25 12:26:55","https://palantir.github.io/atlasdb/",Java,1058,318,5070,33,"2022-07-25 09:37:16","8d830fbbe7f9008a449671c2e0cbc186879c3206",false,false
confluentinc/kafka,true,10906,405,master,0,337,"Apache License 2.0",116,174,154,155178,"2015-06-16 08:48:28","2022-07-16 09:34:24","2022-07-12 11:14:02","https://groups.google.com/forum/#!forum/confluent-platform",Java,0,0,741,16,"2022-07-16 05:16:39","b926ec790e440692cfb8f902f618eef7f1756b3c",false,false
cucumber/cucumber,false,6519,71,master,46,111,"MIT License",227,3221,647,52379,"2015-06-21 04:37:35","2021-05-07 02:20:05","2021-05-06 03:37:46",https://cucumber.io/docs,Java,584,68,918,12,"2021-05-06 03:37:40","d8cd2a54b5bbe636765ea564b6dee63a078cf8ad",false,false
"typetools/checker-framework",false,17485,5,master,89,121,Other,41,837,305,225892,"2015-07-03 11:09:17","2022-07-17 05:01:20","2022-07-16 11:33:08","http://checkerframework.org/",Java,1705,316,3506,3,"2022-07-15 01:34:49","c37aff5ef28569e5bdadf681c81210d084de24df",false,false
getodk/collect,false,11943,36,master,208,156,Other,65,634,1259,83757,"2015-08-04 11:21:33","2022-07-25 01:17:01","2022-07-22 11:18:18","https://docs.getodk.org/collect-intro",Java,2328,174,2867,10,"2022-07-25 01:00:27","70b5f625bdab6a20f4ce4aaa00fca47d98bc7eff",true,false
strapdata/elassandra,false,44130,17,v6.8.4-strapdata,119,353,"Apache License 2.0",88,1633,204,457389,"2015-08-22 01:52:08","2022-03-28 12:11:49","2022-03-29 01:42:18",http://www.elassandra.io,Java,373,40,27,1,"2022-01-03 02:21:32","b90667791768188a98641be0f758ff7cd9f411f0",false,false
teamnewpipe/newpipe,false,10101,3,dev,119,316,"GNU General Public License v3.0",551,19863,2333,61867,"2015-09-03 11:39:26","2022-07-22 02:09:55","2022-07-22 01:16:01",https://newpipe.net,Java,6825,1068,1706,47,"2022-07-20 01:06:45","cacce6d2d0946ecf2b3cd79e20129031c2c0ca45",true,false
etar-group/etar-calendar,false,6416,7,master,25,196,"GNU General Public License v3.0",54,1402,350,39784,"2015-09-04 07:33:25","2022-07-25 05:47:45","2022-07-25 11:11:35","https://f-droid.org/packages/ws.xsoh.etar/",Java,667,280,517,18,"2022-07-25 05:47:30","07cd7fe7a38c96e00d3d29cc9c206abb6cb1ca55",true,false
"commons-app/apps-android-commons",false,5664,36,master,53,267,"Apache License 2.0",58,742,973,273673,"2015-09-07 05:23:27","2022-07-14 10:44:27","2022-07-14 09:03:32","https://commons-app.github.io/",Java,2505,517,2502,26,"2022-07-11 11:02:23","e29028245f69437a157eba8d8386dc735fcede7f",true,false
jmri/jmri,false,74120,8,master,139,102,Other,39,188,298,2730980,"2015-09-19 09:01:07","2022-07-26 06:21:43","2022-07-23 11:27:35",https://www.jmri.org,Java,2391,26,8836,11,"2022-07-25 10:13:41","58d04e6de7f8761f82d3db6d8a1343bcc1e74e20",true,false
dbeaver/dbeaver,false,22971,125,devel,156,207,"Apache License 2.0",488,27510,2543,274778,"2015-10-21 08:26:28","2022-07-25 05:13:11","2022-07-26 06:40:54",https://dbeaver.io,Java,12978,1484,3158,20,"2022-07-25 02:43:41","9ef5f219c0402a695354253177fde310799882b8",true,false
gerritcodereview/gerrit,false,55917,40,master,0,317,"Apache License 2.0",41,641,167,602205,"2015-12-10 09:32:48","2022-07-19 01:21:50","2022-07-18 07:07:33",,Java,0,0,27,1,"2022-07-19 01:06:30","4650770def28edc68eb5b1e48fcd582bc9fc3968",false,false
vector-im/riot-android,false,8117,8,develop,67,262,"Apache License 2.0",114,1456,470,896175,"2015-12-17 03:18:05","2020-09-26 11:57:30","2020-12-08 04:00:25",,Java,2607,1096,899,13,"2020-09-22 12:40:39","a763655c54c4e465d2ae81e3ecd6a5146564771f",true,false
apache/fineract,false,6698,16,develop,5,167,"Apache License 2.0",111,760,1042,57354,"2015-12-22 08:00:06","2022-07-26 05:31:07","2022-07-25 10:33:51",,Java,0,0,2455,15,"2022-07-25 01:39:25","da920b1824d43fe9b4e73d9028feb1cfa16cb238",false,false
onlyliuxin/coding2017,false,6073,1,master,0,389,,72,214,674,32303,"2017-02-23 04:20:24","2018-04-24 02:42:11","2020-12-06 03:22:51",,Java,146,125,448,4,"2017-09-18 12:50:23","e98e184c235ea5ce843b37a5501d30e2032b61e9",true,false
"lawnchairlauncher/lawnchair",false,38936,25,12.1-dev,24,150,Other,265,5910,880,407240,"2017-03-03 01:12:58","2022-07-26 11:01:55","2022-07-29 02:20:54",https://lawnchair.app,Java,2339,438,434,4,"2022-07-23 06:02:52","995f89f9eb3bd26e4566617fda95c1c88fa1e751",true,false
tencent/tencentkona-8,false,49072,5,master,14,125,Other,41,762,105,420442,"2019-11-01 05:02:09","2022-04-30 01:41:28","2022-04-29 10:10:39",,Java,27,9,50,3,"2022-04-30 01:41:28","b12fa08f235e9ea258e7d1f8d20be9407365210a",true,false
"freeyourgadget/gadgetbridge",false,7912,49,master,0,294,"GNU Affero General Public License v3.0",209,3921,647,34031,"2015-01-05 11:19:03","2022-07-22 11:45:31","2022-07-25 11:13:07",,Java,0,0,380,23,"2022-07-22 10:38:00","8546254539588a7a461667cde0273e4adda01592",true,true
"amzn/exoplayer-amazon-port",false,9855,41,amazon/r2.12.1,0,184,"Apache License 2.0",27,116,64,78576,"2016-01-22 08:28:08","2020-11-18 03:55:51","2020-12-08 07:06:51",,Java,82,16,9,0,"2020-11-11 07:06:37","c7d4d488575ef0c0f104c037dfb3504125e05646",false,false
processing/processing4,false,14933,38,master,14,131,Other,40,716,123,150277,"2019-10-03 11:45:54","2022-07-21 11:27:54","2022-07-22 11:33:43",https://processing.org,Java,358,61,140,11,"2022-07-21 11:27:49","112859527aeafc35996510533189bda646831836",true,false
linkedin/kafka,true,9538,80,3.0-li,162,328,"Apache License 2.0",30,120,45,131292,"2018-08-31 09:32:03","2022-07-22 08:58:03","2022-06-07 05:11:50",,Java,0,0,360,13,"2022-07-21 09:26:45","e4a79a609806f9242a8a80c6f6791d41b91aa894",false,false
pcgen/pcgen,false,26995,19,master,34,104,"GNU Lesser General Public License v2.1",51,370,317,337041,"2014-12-29 08:41:04","2022-07-22 10:06:19","2022-07-22 07:16:56",http://pcgen.org,Java,175,12,6544,5,"2022-07-21 07:04:16","8c8cb2c0380c244a0806fff226ffd48c521e0b98",false,false
"thuryn/your-local-weather",false,5267,1,master,128,305,"GNU General Public License v3.0",10,115,29,61828,"2018-01-06 05:02:28","2022-06-18 09:20:41","2022-05-13 01:17:08",,Java,162,53,21,2,"2022-06-18 09:20:39","4b84e1ebeea3a9231d963bf67688c039f97b68a3",true,false
"hiromuhota/pentaho-kettle",true,21873,68,webspoon-9.0,29,175,"Apache License 2.0",30,274,93,557802,"2016-07-26 06:18:46","2022-02-10 03:26:29","2022-02-10 08:11:38","https://hub.docker.com/r/hiromuhota/webspoon/",Java,228,36,23,5,"2020-11-22 11:44:50","f5e515b9b9c2718b6afb1ad2c68c9be479091541",true,false
corretto/corretto-8,false,49647,46,develop,36,125,"GNU General Public License v2.0",110,2009,204,209513,"2018-11-07 07:49:10","2022-07-26 12:49:33","2022-07-25 01:23:24",,Java,219,36,185,1,"2022-07-22 04:45:31","1f14ba489c5bbb208bc624722329c293396d40f8",false,false
soot-oss/soot,false,7037,22,develop,0,119,"GNU Lesser General Public License v2.1",107,2270,645,302020,"2012-06-20 12:41:19","2022-07-07 06:14:46","2022-07-08 05:46:22",,Java,1084,327,785,18,"2022-07-07 06:05:46","8d4a316c25209a7ad968ea4044fc300ac2a9faac",true,false
spongepowered/sponge,false,8086,23,api-8,11,112,"MIT License",42,330,201,56769,"2015-04-11 08:38:48","2022-07-21 10:20:05","2022-07-17 04:23:00",,Java,2252,205,1449,23,"2022-07-20 09:04:44","7181f558f1edce1c83ccfdfe8599915dbc71dabb",true,false
polymorphicshade/newpipe,true,10203,2,sponsorblock,37,318,"GNU General Public License v3.0",40,2228,69,74496,"2020-03-08 07:55:07","2022-07-14 01:43:44","2022-07-17 07:13:24",,Java,159,23,39,1,"2022-07-13 02:00:16","e00fc5e8138ea200fae1d4f63d51b365697ab6b4",true,false
openjdk/amber,false,69919,39,master,0,144,"GNU General Public License v2.0",18,111,37,615139,"2019-04-18 06:03:39","2022-07-22 08:45:06","2022-07-05 09:15:50",,Java,0,0,82,10,"2022-07-21 09:34:26","59d85bad348f7787533ff38942dab2811c4eb623",false,false
opennetworkinglab/onos,false,15271,60,master,0,234,"Apache License 2.0",165,997,723,173840,"2014-12-04 04:32:00","2022-07-21 11:40:23","2022-07-22 02:55:18",,Java,0,0,112,62,"2022-07-14 06:43:53","63e1c117065923d2006f2eea4987206cc40040c2",false,false
"jenkinsci/warnings-ng-plugin",false,8262,16,master,59,193,"MIT License",15,304,244,25472,"2018-10-12 10:41:36","2022-07-27 09:02:18","2022-07-11 04:31:07","https://plugins.jenkins.io/warnings-ng/",Java,0,0,1321,10,"2022-07-26 07:08:59","ae6067876ebf2ff8e9c7dde1752cd33aaa8f7803",false,false
"jmonkeyengine/jmonkeyengine",false,7641,27,master,48,131,"BSD 3-Clause New or Revised License",204,3092,1066,975289,"2014-03-20 10:29:28","2022-07-25 07:36:25","2022-07-26 06:23:33",http://jmonkeyengine.org,Java,824,170,1008,25,"2022-07-25 07:36:10","de5c87354b7182ab97e1b9238486ed3841725766",false,false
openjdk/mobile,false,74166,1,master,0,136,Other,15,111,33,478611,"2019-08-30 11:51:43","2022-04-26 01:51:12","2022-04-15 11:33:13",,Java,0,0,15,3,"2022-04-26 01:44:10","f887a46540c61a028ace8327d9bcb8e1b370a9c7",false,false
apache/rocketmq,false,6799,45,develop,7,339,"Apache License 2.0",891,17669,9934,32468,"2016-11-30 08:00:08","2022-07-19 02:00:45","2022-07-19 02:59:36",,Java,2319,443,2304,188,"2022-07-18 12:02:30","f751fc313cf284dfe98bc1bbcb1781149c9157c6",true,false
inputmice/conversations,false,6865,7,master,104,118,"GNU General Public License v3.0",261,4081,1244,46374,"2014-01-24 01:07:34","2022-07-24 08:27:10","2022-07-26 02:47:08",https://conversations.im,Java,3368,155,941,18,"2022-07-22 06:30:47","b6ce914f6209fc3a2195d75283fee5234c0d1c69",false,false
"fasterxml/jackson-databind",false,6578,22,2.14,0,198,"Apache License 2.0",168,3090,1230,92411,"2011-12-23 07:17:41","2022-07-25 10:35:09","2022-07-26 01:21:06",,Java,2876,443,613,19,"2022-07-11 12:48:11","b486824f67fe0a01a89cda56839b881cb3e9710c",true,false
igniterealtime/openfire,false,10387,20,main,84,128,"Apache License 2.0",247,2511,1307,868074,"2014-04-07 09:12:33","2022-07-15 01:12:59","2022-07-16 10:15:19","https://igniterealtime.org/projects/openfire/",Java,0,0,2070,25,"2022-07-15 01:12:30","e133b16105778ee34223548271a2ef1bf4a722fc",true,false
"googleapis/google-cloud-java",false,53628,34,monorepo_script_output,152,156,"Apache License 2.0",182,1647,1037,348685,"2014-11-04 05:57:16","2022-07-26 05:57:03","2022-07-21 02:17:56","https://googleapis.dev/java/google-cloud-clients/latest/index.html",Java,2125,23,5709,25,"2022-07-25 05:47:00","f346ce4dbf69615a78ada4b0658a294b58c58149",false,false
vazkii/botania,false,7779,8,master,0,157,Other,89,880,378,67340,"2014-01-13 02:30:52","2021-07-31 11:33:57","2021-07-31 11:34:01",http://botaniamod.net/,Java,2988,55,795,4,"2021-07-31 11:33:57","944ac4968c186d31faa7fedcdd5b2b2a6fa713f5",true,false
opennms/opennms,false,52603,754,develop,93,117,Other,95,686,521,691466,"2013-04-11 06:22:33","2022-07-17 09:07:09","2022-07-14 02:07:45",http://www.opennms.org/,Java,0,0,5044,33,"2022-07-15 07:50:40","f1452b0cc284ca8089fee367b5e4ed6c7857771c",false,false
"jellyfin/jellyfin-androidtv",false,5835,16,master,35,406,"GNU General Public License v2.0",33,808,210,24110,"2018-12-13 02:33:32","2022-07-04 09:20:03","2022-07-03 05:35:59",https://jellyfin.org,Java,750,203,1037,19,"2022-07-03 05:22:20","f3cd49821e0dd0abade61b75a57d21249295d185",false,false
opencast/opencast,false,16571,41,develop,84,121,"Educational Community License v2.0",36,287,190,210585,"2017-12-23 01:54:35","2022-07-29 05:09:15","2022-07-24 09:52:20",https://opencast.org,Java,429,152,3601,43,"2022-07-25 03:41:04","79ff5b5c7a47aa23928c664eca84eb7887625666",false,false
dinsic-pim/tchap-android,true,9115,20,develop,5,217,"Apache License 2.0",12,143,28,966963,"2018-01-10 01:18:32","2021-06-04 09:27:19","2021-06-04 09:27:26",,Java,366,80,353,3,"2021-06-04 09:27:15","9f4e542e3bf92849d22c01d50af4abac391920ed",false,false
starwishsama/slimefun4,true,9155,14,master,146,222,"GNU General Public License v3.0",6,160,33,53203,"2018-10-22 04:32:04","2022-07-23 03:07:43","2022-07-22 07:08:33",,Java,307,6,296,5,"2022-07-23 03:00:00","2843a9ccbdb3f4fe4a51844290681a5e6cb26308",true,false
runelite/runelite,false,11960,3,master,0,363,"BSD 2-Clause Simplified License",96,3835,4547,51497,"2016-04-30 08:48:02","2022-07-25 09:11:48","2022-07-26 06:54:45",https://runelite.net,Java,8299,1337,6729,584,"2022-07-25 06:22:07","21c11203d00f2fe0bd526aed957b82addd023932",true,false
nextcloud/android,false,18871,79,master,190,166,"GNU General Public License v2.0",175,2987,1418,433654,"2016-06-06 09:23:36","2022-07-22 07:27:10","2022-07-22 01:21:17","https://play.google.com/store/apps/details?id=com.nextcloud.client",Java,5987,983,4493,80,"2022-07-22 07:27:07","cd78151b9435839ebb7e44c672d4b84715581e95",false,false
doocs/leetcode,false,5493,1,main,19,101,"Creative Commons Attribution Share Alike 4.0 International",233,14910,2891,492499,"2018-09-16 02:03:03","2022-07-25 06:01:06","2022-07-26 04:28:31","https://doocs.github.io/leetcode",Java,20,1,798,0,"2022-07-25 06:00:53","65783cdbb53e7423cd13594c4eb7306f1a8fb319",false,false
apache/systemds,false,7920,15,main,7,137,"Apache License 2.0",90,915,425,341655,"2015-11-10 08:00:06","2022-07-16 01:54:54","2022-07-15 01:08:45","https://systemds.apache.org/",Java,0,0,1664,28,"2022-07-14 12:04:33","371f59df20cc6e8cd888152e136ab88824ccba15",false,false
corretto/corretto-11,false,56133,33,develop,26,128,"GNU General Public License v2.0",41,595,99,371770,"2019-02-11 08:13:52","2022-07-25 04:20:34","2022-07-22 04:19:21",,Java,109,13,167,0,"2022-07-22 08:21:45","a898640f98563b3eac1da3bccd78eb9abdfeac1b",false,false
"lineageos/android_frameworks_base",false,663092,79,lineage-19.1,0,177,Other,60,335,909,4046449,"2016-12-05 03:58:41","2022-07-28 06:09:17","2022-07-09 04:41:09",,Java,0,0,68,30,"2022-07-25 08:27:26","f606ff9c46f6e54b287c692e6b2eee9f7e8fc02c",false,false
"jetbrains/jetbrainsruntime",false,70581,485,main,51,154,"GNU General Public License v2.0",26,607,119,681328,"2018-09-05 07:02:09","2022-07-22 05:11:06","2022-07-22 01:30:37",,Java,65,30,90,5,"2022-07-22 04:12:31","7b2ec4ce05e6f73697de330702cb82e2dc5c7d59",true,false
powernukkit/powernukkit,true,6702,30,master,26,176,"GNU General Public License v3.0",24,227,68,457911,"2019-05-14 07:13:14","2022-07-14 12:51:29","2022-07-13 06:47:25",,Java,766,253,612,26,"2022-04-21 03:10:12","30019b85b251e84d3ba5ec3a6a0b3e01cc7712c1",true,false
pinpoint-apm/pinpoint,false,12513,21,master,49,105,"Apache License 2.0",754,12278,3615,241981,"2014-10-20 09:27:22","2022-07-19 07:52:03","2022-07-19 05:44:53","https://pinpoint-apm.gitbook.io/",Java,3557,299,5463,43,"2022-07-18 06:30:34","ca19baa2d2fedd797b7e7c0ef1922e67257d8eee",true,false
baomidou/mybatis-plus,false,5120,7,3.0,22,122,"Apache License 2.0",49,13256,3638,17151,"2016-08-18 10:06:53","2022-07-22 04:15:29","2022-07-22 03:39:47",https://baomidou.com,Java,3940,117,625,5,"2022-07-14 06:16:32","6eaf454789ae43e04935ac5ff5d995c6ff053d5c",true,false
tronprotocol/java-tron,false,16981,107,develop,67,168,"GNU Lesser General Public License v3.0",349,3097,1125,155329,"2017-12-26 10:20:38","2022-07-22 08:23:25","2022-07-22 11:00:53",,Java,1018,8,3429,18,"2022-07-22 06:08:12","f63edf3bacba528aa0a0f5aa869fc913c92e27e6",false,false
spotbugs/spotbugs,false,16803,41,master,55,135,"GNU Lesser General Public License v2.1",80,2781,482,162351,"2016-11-04 10:18:08","2022-07-29 12:03:15","2022-07-28 11:02:17","https://spotbugs.github.io/",Java,944,450,1135,46,"2022-07-07 07:42:24","b1c2a5ecebe33328b3c5fb951641ef658ec82b3a",true,false
apache/netbeans,false,7318,39,master,17,180,"Apache License 2.0",153,1932,704,356284,"2017-09-01 07:00:11","2022-07-25 11:15:00","2022-07-26 05:58:37","https://netbeans.apache.org/",Java,397,212,3967,70,"2022-07-20 02:10:04","487686125c370140bc39cc8f1d598783f187fdf5",false,false
"open-telemetry/opentelemetry-java-instrumentation",false,7944,21,main,54,167,"Apache License 2.0",43,908,407,160313,"2019-09-25 08:19:14","2022-07-22 03:27:40","2022-07-22 02:10:21",https://opentelemetry.io,Java,2021,273,3986,18,"2022-07-22 09:09:07","9bf5a04d1f5074fa5be1557e0111420909777f45",true,false
open-osrs/runelite,false,18163,19,master,13,328,"BSD 2-Clause Simplified License",9,280,451,95444,"2019-04-18 07:14:19","2022-06-28 10:54:31","2022-07-01 01:17:52",https://openosrs.com,Java,613,0,2608,0,"2022-06-28 10:54:31","915fb55c0a2a1c000dc04a431e68f3bbb29a40cf",true,false
kiegroup/kogito-runtimes,false,19783,52,main,0,221,"Apache License 2.0",42,352,142,275844,"2019-03-07 08:49:09","2022-07-15 06:55:27","2022-07-15 05:18:42",http://kogito.kie.org,Java,85,35,2254,35,"2022-07-15 11:55:11","9a8d5b9243ef8d7b5250d3a2782496c46bf75b0c",true,false
"intellectualsites/fastasyncworldedit",false,6042,6,main,10,123,Other,26,389,127,43774,"2018-12-20 05:22:31","2022-07-25 04:49:19","2022-07-24 04:52:55",,Java,1185,27,660,3,"2022-07-25 04:49:18","e10774598e3fe9ee06201fa4b1f16d115abc458d",false,false
johanw666/signal-android,true,10272,647,main,665,259,"GNU General Public License v3.0",11,137,14,643574,"2016-11-30 07:05:39","2022-07-22 07:26:54","2022-07-23 10:28:32","https://johanw.home.xs4all.nl/Signal/signal-jw.html",Java,53,19,1,0,"2022-07-22 05:23:41","36b1f2816ce2e7afebe5e53d541f9613d4b98146",true,false
"nationalsecurityagency/ghidra",false,7312,3,master,21,192,"Apache License 2.0",956,33567,4345,220327,"2019-03-01 03:27:48","2022-07-25 01:50:47","2022-07-26 06:01:17","https://www.nsa.gov/ghidra",Java,3260,1180,872,184,"2022-07-25 07:06:18","0f2e5189574e4e5b51f3f8169c716077e463dfde",true,false
apache/skywalking,false,7177,13,master,52,391,"Apache License 2.0",841,19804,5786,164006,"2015-11-07 03:30:36","2022-07-21 02:48:25","2022-07-22 01:58:25","https://skywalking.apache.org/",Java,4325,58,4234,1,"2022-07-21 02:48:24","c2c6e5c8b1c84ff67ee1249d681533d1cbe890ba",false,false
thingsboard/thingsboard,false,10969,21,master,49,143,"Apache License 2.0",534,12047,3827,141487,"2016-12-01 09:33:30","2022-07-22 12:07:50","2022-07-22 11:56:52",https://thingsboard.io,Java,4069,1407,2897,42,"2022-07-21 11:33:10","088f971e3cc211925385433655d2f8da2fe9ee41",true,false
"openapitools/openapi-generator",false,17430,85,master,48,401,"Apache License 2.0",195,12929,4405,694208,"2018-05-12 09:57:56","2022-07-20 12:47:03","2022-07-19 10:47:47","https://openapi-generator.tech",Java,5527,3001,7383,367,"2022-07-19 05:41:17","92193f7159d62419634c51eb7d2e9a4e0697d283",true,false
apache/pulsar,false,9507,27,master,55,393,"Apache License 2.0",426,10936,2879,248030,"2016-06-28 07:00:03","2022-06-05 02:58:31","2022-06-05 07:14:56","https://pulsar.apache.org/",Java,5029,1785,10905,394,"2022-06-05 11:22:36","91cb00eab0fbbc0d519f5ad1ac8ab722da56b349",true,false
debezium/debezium,false,7065,47,main,0,363,"Apache License 2.0",202,7087,1827,32118,"2016-01-22 08:17:05","2022-07-17 09:42:44","2022-07-17 07:58:49",https://debezium.io,Java,0,0,3717,33,"2022-07-15 04:10:52","95a4576df422d14199c61aacb6ea971888015910",true,false
janusgraph/janusgraph,false,6663,19,master,21,143,Other,229,4524,1084,56801,"2016-12-26 01:26:29","2022-07-25 07:35:03","2022-07-26 12:24:25",https://janusgraph.org,Java,1412,428,1536,31,"2022-07-25 07:27:59","15a00b7938052274fe15cf26025168299a311224",true,false
flowable/flowable-engine,false,12896,46,main,20,256,"Apache License 2.0",256,5448,2124,212622,"2016-10-13 07:21:43","2022-07-22 11:00:13","2022-07-25 07:39:55",https://www.flowable.org,Java,1065,245,2334,40,"2022-07-19 10:44:41","0104a8dc8712c175513efb80ad1f5311dcedc663",true,false
apache/kylin,false,8761,32,main,0,191,"Apache License 2.0",266,3353,1479,335576,"2015-01-03 08:00:05","2022-07-26 03:21:30","2022-07-28 08:45:57",,Java,0,0,1890,63,"2022-06-23 02:45:58","66e83b46a0868742e9ead9838f01efdccc74e378",false,false
"ballerina-platform/ballerina-lang",false,112236,148,master,143,262,"Apache License 2.0",169,3066,686,686417,"2016-11-16 02:58:44","2022-05-31 07:10:53","2022-05-31 07:28:27",https://ballerina.io/,Java,14963,1590,20784,53,"2022-05-30 09:23:41","16d796a442c48a19c2d9f5b9cd8abf95fa971a55",false,false
eclipse/openj9,false,14207,27,master,24,171,Other,151,2631,558,95042,"2017-08-25 01:46:07","2021-04-24 12:02:10","2021-04-23 11:29:30",,Java,4763,1420,7784,175,"2021-04-23 11:29:26","d40ffe602658f1d1ac738cda3660f5c1573a3021",true,false
apache/nifi,false,7519,107,main,0,321,"Apache License 2.0",185,3200,2272,211938,"2014-12-12 08:00:05","2022-07-26 02:04:59","2022-07-25 09:38:45",https://nifi.apache.org/,Java,0,0,6231,41,"2022-07-25 10:10:27","02e37713b3d6a3bfee0420b12626d89bdb2e1acc",false,false
apache/iotdb,false,7034,95,master,20,200,"Apache License 2.0",87,2074,673,150220,"2018-11-24 09:29:17","2022-07-22 05:50:40","2022-07-22 02:29:59","https://iotdb.apache.org/",Java,502,160,6135,85,"2022-07-22 08:48:22","d4b41bbb71818856cd04fc04e47a91d967603243",true,false
openjdk/loom,false,73672,5,fibers,0,145,"GNU General Public License v2.0",94,1462,171,492365,"2019-04-18 06:05:24","2022-07-14 08:30:06","2022-07-16 10:19:04",,Java,0,0,186,0,"2022-07-14 07:59:21","3195dc2c80dacacd7f39293a1a44ca5950078bc6",false,false
jetbrains/android,false,165510,346,master,0,273,"Apache License 2.0",78,791,194,1367913,"2016-06-08 01:46:48","2022-07-25 12:25:28","2022-07-24 10:01:57",,Java,0,0,21,0,"2022-07-24 02:58:35","694822bc6a0c0435a10e6cdc6451c3d610f5040b",false,false
"confluentinc/schema-registry",false,6554,296,master,0,172,Other,310,1776,998,58396,"2014-12-09 10:38:11","2022-07-22 11:09:51","2022-07-22 07:36:58","https://docs.confluent.io/current/schema-registry/docs/index.html",Java,929,204,1413,28,"2022-07-22 05:14:49","363f4fb156341824cd4d2a48803610cf21ee29ed",true,false
slimefun/slimefun4,false,7757,12,master,32,209,"GNU General Public License v3.0",63,624,426,36941,"2014-05-24 08:08:47","2022-07-25 11:56:40","2022-07-24 07:32:26",,Java,1721,62,1854,28,"2022-07-25 11:31:22","961a77f1800196a05debffc48b0aad668edfc744",true,false
ldtteam/minecolonies,false,6509,49,version/main,0,119,"GNU General Public License v3.0",50,427,262,302634,"2016-08-13 12:45:38","2022-07-22 09:10:53","2022-07-21 07:01:30",http://minecolonies.com/,Java,5229,59,3140,10,"2022-07-15 08:13:16","fabb34e6babc82570333e64ea998fa420cfb640d",true,false
openjdk/valhalla,false,69630,12,lworld,0,139,"GNU General Public License v2.0",28,352,65,610239,"2019-04-18 06:02:51","2022-07-26 02:57:01","2022-07-23 10:31:31",,Java,0,0,718,7,"2022-07-05 01:59:36","ce85ba8facb2dc17671b439714ec247ab48484fb",false,false
openjdk/panama-foreign,false,70737,19,"foreign-memaccess+abi",0,144,"GNU General Public License v2.0",26,185,49,559774,"2020-02-04 11:28:38","2022-07-25 10:43:32","2022-07-19 12:57:38",,Java,0,0,690,4,"2022-07-22 11:00:51","a275b7b0e78e82e9cdc2948746aefa01da9e8889",false,false
mollyim/mollyim-android,false,10890,6,main,67,265,"GNU General Public License v3.0",27,577,47,611826,"2019-12-28 12:50:31","2022-07-23 04:20:07","2022-07-25 06:16:49",,Java,89,22,20,0,"2022-07-17 11:36:17","fcb9b7c7dc60288b2d53001717e1958208dcd601",true,false
grpc/grpc-java,false,5472,52,master,112,272,"Apache License 2.0",527,9867,3414,62543,"2014-12-08 07:00:00","2022-07-16 05:11:49","2022-07-15 07:20:12",https://grpc.io,Java,2928,461,6448,71,"2022-07-15 11:03:48","e3e152a449ddf0ce4ca9f580bb7a506c3d462a1b",false,false
facebook/litho,false,14486,6,master,49,230,"Apache License 2.0",180,7407,719,612099,"2017-01-27 03:59:11","2022-07-25 10:40:03","2022-07-25 07:39:19",https://fblitho.com,Java,377,75,467,37,"2022-07-25 10:35:25","f9c68f0d5eac5b62448b6cc26b14b1df56bf3980",false,false
"micronaut-projects/micronaut-core",false,11750,196,3.5.x,127,329,"Apache License 2.0",171,5402,919,88284,"2018-03-07 12:05:08","2022-07-25 12:28:18","2022-07-25 10:30:54",http://micronaut.io,Java,3017,416,4277,77,"2022-07-22 03:38:35","6d5846a77c3cce3fbaee260374544fe4c162d31d",true,false
apache/lucene-solr,false,34914,111,master,0,231,"Apache License 2.0",330,4116,2732,573849,"2016-01-23 08:00:06","2021-03-09 07:04:41","2021-03-09 03:58:48","https://lucene.apache.org/",Java,0,0,2467,323,"2021-03-09 03:58:29","7ada4032180b516548fc0263f42da6a7a917f92b",false,false
confluentinc/ksql,false,11549,360,master,8,152,Other,369,5085,949,141312,"2016-09-27 09:30:15","2022-07-17 09:53:03","2022-07-17 05:19:39",https://ksqldb.io,Java,3013,1086,6288,116,"2022-07-16 01:54:15","bf35e6a06b17eae87751808854ea1cdd9f59218b",true,false
"awsdocs/aws-doc-sdk-examples",false,12684,68,main,0,252,"Apache License 2.0",181,5726,3951,101859,"2016-08-18 07:06:57","2022-07-25 08:40:50","2022-07-26 03:09:16",,Java,837,181,2525,15,"2022-07-25 02:54:59","d71b2c3a974693ceed4bd6f21fbc6517bb82daef",true,false
prestosql/presto,false,21811,1,master,280,439,"Apache License 2.0",111,1575,792,103886,"2019-01-19 06:38:14","2020-12-17 04:20:06","2020-12-17 12:14:58",https://prestosql.io,Java,1882,884,4482,267,"2020-12-16 10:45:15","24298f409d1683f90700fcbd4693ed2f9623aff0",true,false
sakaiproject/sakai,false,51425,15,master,0,219,"Educational Community License v2.0",73,862,842,455905,"2014-12-29 11:14:17","2022-07-22 02:03:05","2022-07-22 01:02:35",https://www.sakailms.org,Java,0,0,10373,49,"2022-07-21 10:30:20","8d1862e9d56485b8d1eaafde2db177c0326f767d",true,false
airbytehq/airbyte,false,6509,987,master,248,381,Other,126,7238,1461,260919,"2020-07-27 11:55:54","2022-07-09 11:00:59","2022-07-09 10:40:05",https://airbyte.com,Java,6996,2428,7514,237,"2022-07-08 11:59:19","97eddb087e175bf1ec86f873308f9857990c9195",false,false
townyadvanced/towny,false,5191,37,master,256,102,Other,25,352,318,42279,"2014-12-04 05:21:02","2022-07-23 07:18:36","2022-07-25 10:57:12","https://townyadvanced.github.io",Java,4529,97,1249,18,"2022-07-22 08:28:40","8d433d762788db7a3e0d1e56aabcae95ec5f4c20",true,false
datadog/dd-trace-java,false,9014,128,master,140,105,"Apache License 2.0",460,351,208,214370,"2017-04-24 09:24:40","2022-07-25 07:21:52","2022-07-24 02:36:07","https://docs.datadoghq.com/tracing/languages/java",Java,369,103,3302,34,"2022-07-25 07:21:51","beffdaaf55dcc37a9baf4db14237c773c512ca37",false,false
gridgain/gridgain,false,28587,3473,master,0,241,Other,65,108,38,339972,"2019-02-13 11:31:35","2022-07-26 05:58:26","2022-07-25 08:30:30",,Java,16,9,2478,300,"2022-07-25 11:25:33","8b2c50396e4bbd70c8089e275bd29f80d0673864",true,false
adoptopenjdk/openjdk-jdk,false,64673,3,master,0,124,Other,37,101,20,479265,"2020-08-24 10:36:21","2021-06-01 05:31:48","2021-06-01 08:35:14",,Java,0,0,1,0,"2021-06-01 05:10:38","9d8ad2ed62325bd8d813974d5aa1e031ed8bf8da",true,false
oracle/graal,false,67267,49,master,32,240,Other,471,17233,1387,271753,"2016-01-14 05:11:35","2022-07-16 02:20:25","2022-07-17 01:50:17",https://www.graalvm.org,Java,3040,796,1543,93,"2022-07-16 12:51:15","1c2c688ddbaa76ec8a153a4027cb8843ea5b5cd5",false,false
quarkusio/quarkus,false,31559,34,main,181,403,"Apache License 2.0",260,10408,1906,193391,"2018-07-06 12:44:20","2022-07-20 12:28:00","2022-07-19 07:47:59",https://quarkus.io,Java,11180,1892,15040,122,"2022-07-19 05:51:30","232e9209f19f8c9bea3eca5850fd5cbf1716243a",true,false
apache/beam,false,36567,74,master,23,301,"Apache License 2.0",256,5695,3562,330108,"2016-02-02 08:00:06","2022-07-17 01:38:18","2022-07-16 12:28:57",https://beam.apache.org/,Java,4074,3750,18218,138,"2022-07-16 01:58:52","20274f35c9fd11f4d815c8d1d88df2ad874dfa3e",false,false
openliberty/open-liberty,false,29670,251,integration,50,240,"Eclipse Public License 1.0",36,972,508,828434,"2017-09-15 07:34:25","2022-07-26 06:18:10","2022-07-20 07:12:36",https://openliberty.io,Java,9100,1752,12742,485,"2022-07-25 08:33:40","2b0aeaa2a505c5f85425a94231ed44da2aa2b25f",true,false
ls1intum/artemis,false,6091,208,develop,225,138,"MIT License",19,279,220,198354,"2016-09-29 11:46:05","2022-07-25 06:17:02","2022-07-22 04:50:05","https://docs.artemis.ase.in.tum.de",Java,1512,320,3947,41,"2022-07-24 07:42:11","b73a037d65192287e2ba0eb3804af189c0136dcd",false,false
openjdk/jdk,false,69822,171,master,0,144,"GNU General Public License v2.0",300,13592,3689,1055665,"2018-09-17 12:29:20","2022-07-17 10:14:18","2022-07-17 06:16:49","https://openjdk.java.net/projects/jdk/",Java,0,0,9507,203,"2022-07-16 01:17:52","441c33f0b1e970c82d29a67162e6dceed0fbf44a",false,false
uyuni-project/uyuni,false,80590,100,master,0,225,"GNU General Public License v2.0",30,263,117,1086318,"2018-08-02 12:31:20","2022-07-20 01:30:36","2022-07-05 07:33:08","https://www.uyuni-project.org/",Java,624,211,5044,68,"2022-07-19 10:55:33","9cd0326c8a277c56eeadb6fe2e98497522f745e4",true,false
apache/shardingsphere,false,34476,1,master,48,338,"Apache License 2.0",981,16601,5774,489800,"2016-01-18 12:49:26","2022-07-19 04:55:12","2022-07-20 12:54:58",,Java,7429,432,11817,26,"2022-07-19 04:55:12","b5881722c89fa1d56df3daeba4f18b4668724ad6",true,false
anuken/mindustry,false,14854,1,master,138,353,"GNU General Public License v3.0",576,15138,2131,1789815,"2017-04-30 01:24:29","2022-07-26 06:56:27","2022-07-26 02:47:44","https://mindustrygame.github.io",Java,3146,8,4011,157,"2022-07-23 05:15:54","fa3bd6dbc6733c7ac297e11d568d7b6d33f2df9d",false,false
hapifhir/hapi-fhir,false,9046,356,master,54,174,"Apache License 2.0",137,1517,1098,806896,"2014-06-24 09:00:46","2022-07-26 03:05:04","2022-07-25 09:36:42",http://hapifhir.io,Java,1990,541,1854,99,"2022-07-25 10:41:01","533019f05146308bd276df82a80632f3747e64c8",true,false
mongodb/docs,false,15566,21,master,0,333,,87,705,1742,122850,"2011-09-23 08:57:35","2022-07-25 09:10:56","2022-07-21 08:40:58",http://docs.mongodb.org,Java,0,0,6191,101,"2022-07-25 09:09:39","4a033e0ca2728dfd8b5d865476d621c5a1ee8ce7",false,false
trinodb/trino,false,28133,14,master,0,357,"Apache License 2.0",153,5719,1856,160921,"2019-01-19 06:38:14","2022-07-17 09:53:46","2022-07-17 09:43:23",https://trino.io,Java,3962,1674,9158,560,"2022-07-15 06:01:26","b3d38c3a06518d08323997fd37fbb89bc9979a76",true,false
oxen-io/session-android,true,7753,3,master,102,192,"GNU General Public License v3.0",36,853,84,447425,"2019-03-05 05:10:37","2022-07-20 03:47:04","2022-07-21 07:18:41",https://getsession.org,Java,464,222,462,10,"2022-07-19 07:15:54","b1e954084c1c5d66f842287fef758305fa3ad6b9",true,false
linkedin/datahub,false,5175,6,master,42,165,"Apache License 2.0",218,4687,1285,348758,"2015-11-18 05:47:40","2022-02-10 09:24:10","2022-02-10 11:36:37","https://datahubproject.io",Java,922,123,3181,42,"2022-02-10 07:20:25","9bdc9af7b90c6a97194eceb898543360b4eb105c",false,false
primefaces/primefaces,false,13526,2,master,30,185,"MIT License",121,1497,681,110216,"2015-04-11 09:48:53","2022-07-23 02:19:10","2022-07-22 05:52:34","http://www.primefaces.org",Java,5957,168,3061,3,"2022-07-23 02:19:10","5cbf5a01564c92a282b21d940ead086e02ecda41",true,false
apache/lucene,false,36083,6,main,0,284,"Apache License 2.0",51,1066,502,467163,"2021-02-23 05:16:56","2022-07-26 06:14:22","2022-07-26 05:19:28","https://lucene.apache.org/",Java,8,2,1040,99,"2022-07-25 01:48:43","2efc204a390044b67bcfb85683d82a9ea2f852a2",false,false
apache/solr,false,35962,21,main,0,276,"Apache License 2.0",40,480,309,468103,"2021-02-23 12:12:42","2022-07-25 08:00:34","2022-07-25 07:23:58",https://solr.apache.org/,Java,0,0,952,130,"2022-07-25 04:13:35","09ccd1d21921bb386b41450fc4048027ffafe584",false,false
tencent/tencentkona-11,false,56236,3,master,9,122,Other,17,231,32,353309,"2021-03-03 10:36:50","2022-04-29 08:39:31","2022-04-30 07:30:37",,Java,8,3,7,0,"2022-04-29 08:39:25","dc173b3db2c76bde9d8a69377361109935dc1e68",true,false
"opensearch-project/opensearch",false,55767,53,main,18,348,"Apache License 2.0",118,5418,653,518900,"2021-01-29 10:10:00","2022-07-19 11:45:22","2022-07-20 12:44:07","https://opensearch.org/docs/latest/opensearch/index/",Java,1327,557,2459,59,"2022-07-19 12:38:29","55eb86df0dc11dbfd11452fb837f89ab96b537be",true,false
apache/dolphinscheduler,false,6919,23,dev,28,359,"Apache License 2.0",312,8274,3154,154367,"2019-03-01 04:39:25","2022-07-19 03:04:54","2022-07-19 03:02:22","https://dolphinscheduler.apache.org/",Java,5014,785,5722,81,"2022-07-19 03:04:54","878cbbc1590de3973b5734bdbe107e252ef14314",false,false
eclipse-openj9/openj9,false,17336,37,master,31,189,Other,154,2897,634,118848,"2017-08-25 01:46:07","2022-07-26 12:47:11","2022-07-25 04:17:45",,Java,6154,1819,9458,176,"2022-07-25 07:36:46","a57e6d99bb5fbb7ad12946a3aa7748dbd94f4945",true,false
openjdk/jdk17,false,65173,1,master,0,125,Other,8,104,114,952926,"2021-06-10 03:02:15","2021-09-14 07:59:00","2021-09-14 09:09:57",,Java,0,0,306,0,"2021-09-10 02:17:45","4afbcaf55383ec2f5da53282a1547bac3d099e9d",false,true
papermc/paper,false,7169,28,master,1,288,Other,171,6477,1643,56566,"2016-01-22 05:40:19","2022-07-26 05:18:51","2022-07-26 12:43:49",https://papermc.io/,Java,5013,309,2923,245,"2022-07-25 05:21:31","86f87ba40030d719e5fb8840ab18c513588de772",false,false
apache/pinot,false,9093,29,master,13,227,"Apache License 2.0",235,4074,914,246599,"2014-05-19 11:27:48","2022-07-17 11:52:03","2022-07-16 10:39:55","https://pinot.apache.org/",Java,1524,825,7512,119,"2022-07-16 09:34:19","83410f69b49988f4a1c1f0f373c8bafcd25404ba",true,false
vazkiismods/botania,false,7779,8,master,0,157,Other,90,881,378,67948,"2014-01-13 02:30:52","2021-08-03 02:55:31","2021-08-02 08:49:19",http://botaniamod.net/,Java,2989,56,796,5,"2021-07-31 11:33:57","944ac4968c186d31faa7fedcdd5b2b2a6fa713f5",true,false
vazkiimods/quark,false,5853,24,master,0,141,Other,32,452,223,117046,"2016-03-17 06:21:36","2022-07-25 11:36:07","2022-07-26 05:28:25",https://quark.vazkii.net,Java,3340,70,482,1,"2022-07-25 11:35:20","d3b6e2bce5893a8577aec8075e274b7ecd72244a",false,false
vazkiimods/botania,false,9078,10,1.18.x,0,172,Other,83,1034,400,94530,"2014-01-13 02:30:52","2022-07-24 11:39:43","2022-07-23 08:25:35","http://botaniamod.net/index.html",Java,3213,75,880,3,"2022-07-24 06:41:02","62458c3d79aa705c7fc613a40479eef9c05ce099",false,false
apache/skywalking-java,false,6838,1,main,4,395,"Apache License 2.0",39,338,247,161926,"2021-08-26 01:08:54","2022-07-23 09:54:48","2022-07-25 03:36:55","https://skywalking.apache.org/",Java,0,0,286,0,"2022-07-23 09:54:48","129f57c4c148d04279ec2922a7ede8fa8c415b0b",false,false
androidx/media,false,14507,3,release,4,222,"Apache License 2.0",19,238,34,129751,"2021-09-02 06:42:10","2022-07-25 03:40:15","2022-07-24 04:48:48",,Java,94,34,33,7,"2022-07-22 09:31:34","ca6835bf0a1e56ae14fb99f5883bc15b4de9aa6c",false,false
tchapgouv/tchap-android,false,9119,22,develop,7,218,"Apache License 2.0",13,144,27,965761,"2018-01-10 01:18:32","2022-03-09 04:16:44","2022-01-13 10:49:40","https://play.google.com/store/apps/details?id=fr.gouv.tchap.a",Java,370,81,355,3,"2022-03-09 01:56:19","6bb7658c228c0457700171a395fdcdd4a790b69d",false,false
datahub-project/datahub,false,6094,15,master,59,238,"Apache License 2.0",226,5795,1623,549640,"2015-11-18 05:47:40","2022-07-17 12:31:53","2022-07-17 01:01:08","https://datahubproject.io",Java,1183,218,4221,49,"2022-07-17 12:38:33","f387fa614965afc224fb01bf140a91b1db657b6e",false,false
thundernest/k-9,false,11103,99,main,134,233,"Apache License 2.0",351,7023,2274,83863,"2011-02-04 02:40:00","2022-07-25 06:09:01","2022-07-25 05:37:12",https://k9mail.app/,Java,3623,606,2518,14,"2022-07-25 09:03:56","351874b9b0c21f7a0b71fb43a3cd2761788f01de",true,false
